Code,Gr,lieu,DESCR,Jour,Hr deb,Hr fin,Date deb,Date fin,NB_Seance,Coordonné par,"Age 
min","Age 
max","Insc. 
Max",POST_COMPT, coût ,NO_GRIL,ANNLULATION,Réservation,
ETOILE,01,PIS-AB,Étoile de mer (AB - Di 9h),Dimanche,9:00,9:25,2020-01-12,2020-03-15,10,J. Gauvin,1,2,10,2-01-234-96-414, 61.50  $ ,A-ENF,,,Date pour calcul: 6 juillet 2019
ETOILE,02,PIS-AB,Étoile de mer (AB - Di 9h30),Dimanche,9:30,9:55,2020-01-12,2020-03-15,10,J. Gauvin,1,2,10,2-01-234-96-414, 61.50  $ ,A-ENF,,,Date pour calcul: 6 juillet 2019
ETOILE,03,PIS-AB,Étoile de mer (AB - Di 11h),Dimanche,11:00,11:25,2020-01-12,2020-03-15,10,J. Gauvin,1,2,10,2-01-234-96-414, 61.50  $ ,A-ENF,,,Date pour calcul: 6 juillet 2019
ETOILE,04,PIS-AB,Étoile de mer (AB - Me - 18h),Mercredi,18:00,18:25,2020-01-08,2020-03-11,10,J. Gauvin,1,2,10,2-01-234-96-414, 61.50  $ ,A-ENF,,,Date pour calcul: 6 juillet 2019
ETOILE,05,PIS-AB,Étoile de mer (AB - Sa - 9h30),Samedi,9:30,9:55,2020-01-11,2020-03-14,10,J. Gauvin,1,2,10,2-01-234-96-414, 61.50  $ ,A-ENF,,,Date pour calcul: 6 juillet 2019
ETOILE,51,PIS-LT,Étoile de mer (LT - Di - 10h),Dimanche,10:00,10:25,2020-01-12,2020-03-22,10,J. Gauvin,1,2,10,2-01-234-96-414, 61.50  $ ,A-ENF,"Sunday, February 2, 2020",,Date pour calcul: 6 juillet 2019
CANARD,01,PIS-AB,Canard (AB - Di - 9h30),Dimanche,9:30,9:55,2020-01-12,2020-03-15,10,J. Gauvin,1,2,10,2-01-234-96-414, 61.50  $ ,A-ENF,,,
CANARD,02,PIS-AB,Canard (AB - Di - 10h30),Dimanche,10:30,10:55,2020-01-12,2020-03-15,10,J. Gauvin,1,2,10,2-01-234-96-414, 61.50  $ ,A-ENF,,,
CANARD,03,PIS-AB,Canard (AB - Di - 11h30),Dimanche,11:30,11:55,2020-01-12,2020-03-15,10,J. Gauvin,1,2,10,2-01-234-96-414, 61.50  $ ,A-ENF,,,
CANARD,04,PIS-AB,Canard (AB - Sa - 8h30),Samedi,8:30,8:55,2020-01-11,2020-03-14,10,J. Gauvin,1,2,10,2-01-234-96-414, 61.50  $ ,A-ENF,,,
CANARD,05,PIS-AB,Canard (AB - Sa - 11h30),Samedi,11:30,11:55,2020-01-11,2020-03-14,10,J. Gauvin,1,2,10,2-01-234-96-414, 61.50  $ ,A-ENF,,,
CANARD,51,PIS-LT,Canard (LT - Di - 10h30),Dimanche,10:30,10:55,2020-01-12,2020-03-22,10,J. Gauvin,1,2,10,2-01-234-96-414, 61.50  $ ,A-ENF,"Sunday, February 2, 2020",,
CANARD,52,PIS-LT,Canard (LT - Di - 12h35),Dimanche,12:35,13:00,2020-01-12,2020-03-22,10,J. Gauvin,1,2,10,2-01-234-96-414, 61.50  $ ,A-ENF,"Sunday, February 2, 2020",,
CANARD,53,PIS-LT,Canard (LT - Sa - 9h),Samedi,9:00,9:25,2020-01-11,2020-03-21,10,J. Gauvin,1,2,10,2-01-234-96-414, 61.50  $ ,A-ENF,1er février 2020,,
CANARD,54,PIS-LT,Canard (LT - Sa - 9h30),Samedi,9:30,9:55,2020-01-11,2020-03-21,10,J. Gauvin,1,2,10,2-01-234-96-414, 61.50  $ ,A-ENF,1er février 2020,,
CANARD,55,PIS-LT,Canard (LT - Sa - 11h),Samedi,11:00,11:25,2020-01-11,2020-03-21,10,J. Gauvin,1,2,10,2-01-234-96-414, 61.50  $ ,A-ENF,1er février 2020,,
TORTUE,01,PIS-AB,Tortue de mer (AB - Di - 8h30),Dimanche,8:30,8:55,2020-01-12,2020-03-15,10,J. Gauvin,2,3,10,2-01-234-96-414, 61.50  $ ,A-ENF,,,
TORTUE,02,PIS-AB,Tortue de mer (AB - Di - 10h),Dimanche,10:00,10:25,2020-01-12,2020-03-15,10,J. Gauvin,2,3,10,2-01-234-96-414, 61.50  $ ,A-ENF,,,
TORTUE,03,PIS-AB,Tortue de mer (AB - Di - 12h),Dimanche,12:00,12:25,2020-01-12,2020-03-15,10,J. Gauvin,2,3,10,2-01-234-96-414, 61.50  $ ,A-ENF,,,
TORTUE,04,PIS-AB,Tortue de mer (AB - Di - 13h),Dimanche,13:00,13:25,2020-01-12,2020-03-15,10,J. Gauvin,2,3,10,2-01-234-96-414, 61.50  $ ,A-ENF,,,
TORTUE,05,PIS-AB,Tortue de mer (AB - Me - 18h30),Mercredi,18:30,18:55,2020-01-08,2020-03-11,10,J. Gauvin,2,3,10,2-01-234-96-414, 61.50  $ ,A-ENF,,,
TORTUE,06,PIS-AB,Tortue de mer (AB - Me - 19h),Mercredi,19:00,19:25,2020-01-08,2020-03-11,10,J. Gauvin,2,3,10,2-01-234-96-414, 61.50  $ ,A-ENF,,,
TORTUE,07,PIS-AB,Tortue de mer (AB - Sa - 9h),Samedi,9:00,9:25,2020-01-11,2020-03-14,10,J. Gauvin,2,3,10,2-01-234-96-414, 61.50  $ ,A-ENF,,,
TORTUE,08,PIS-AB,Tortue de mer (AB - Sa - 10h),Samedi,10:00,10:25,2020-01-11,2020-03-14,10,J. Gauvin,2,3,10,2-01-234-96-414, 61.50  $ ,A-ENF,,,
TORTUE,09,PIS-AB,Tortue de mer (AB - Sa - 10h30),Samedi,10:30,10:55,2020-01-11,2020-03-14,10,J. Gauvin,2,3,10,2-01-234-96-414, 61.50  $ ,A-ENF,,,
TORTUE,51,PIS-LT,Tortue de mer (LT - Di - 8h30),Dimanche,8:30,8:55,2020-01-12,2020-03-22,10,J. Gauvin,2,3,10,2-01-234-96-414, 61.50  $ ,A-ENF,"Sunday, February 2, 2020",,
TORTUE,52,PIS-LT,Tortue de mer (LT - Di - 9h),Dimanche,9:00,9:25,2020-01-12,2020-03-22,10,J. Gauvin,2,3,10,2-01-234-96-414, 61.50  $ ,A-ENF,"Sunday, February 2, 2020",,
TORTUE,53,PIS-LT,Tortue de mer (LT - Di - 13h05,Dimanche,13:05,13:30,2020-01-12,2020-03-22,10,J. Gauvin,2,3,10,2-01-234-96-414, 61.50  $ ,A-ENF,"Sunday, February 2, 2020",,
TORTUE,54,PIS-LT,Tortue de mer (LT - Lu - 18h30),Lundi,18:30,18:55,2020-01-06,2020-03-09,10,J. Gauvin,2,3,10,2-01-234-96-414, 61.50  $ ,A-ENF,,,
TORTUE,55,PIS-LT,Tortue de mer (LT - Sa - 8h30),Samedi,8:30,8:55,2020-01-11,2020-03-21,10,J. Gauvin,2,3,10,2-01-234-96-414, 61.50  $ ,A-ENF,1er février 2020,,
TORTUE,56,PIS-LT,Tortue de mer (LT - Sa - 11h30),Samedi,11:30,11:55,2020-01-11,2020-03-21,10,J. Gauvin,2,3,10,2-01-234-96-414, 61.50  $ ,A-ENF,1er février 2020,,
LOUTRE,01,PIS-AB,Loutre de mer (AB - Di - 8h30),Dimanche,8:30,8:55,2020-01-12,2020-03-15,10,J. Gauvin,3,5,6,2-01-234-96-414, 61.50  $ ,A-ENF,,,
LOUTRE,02,PIS-AB,Loutre de mer (AB - Di - 9h30),Dimanche,9:30,9:55,2020-01-12,2020-03-15,10,J. Gauvin,3,5,6,2-01-234-96-414, 61.50  $ ,A-ENF,,,
LOUTRE,03,PIS-AB,Loutre de mer (AB - Di - 11h),Dimanche,11:00,11:25,2020-01-12,2020-03-15,10,J. Gauvin,3,5,6,2-01-234-96-414, 61.50  $ ,A-ENF,,,
LOUTRE,04,PIS-AB,Loutre de mer (AB - Di - 12h),Dimanche,12:00,12:25,2020-01-12,2020-03-15,10,J. Gauvin,3,5,6,2-01-234-96-414, 61.50  $ ,A-ENF,,,
LOUTRE,05,PIS-AB,Loutre de mer (AB - Di - 12h30),Dimanche,12:30,12:55,2020-01-12,2020-03-15,10,J. Gauvin,3,5,6,2-01-234-96-414, 61.50  $ ,A-ENF,,,
LOUTRE,06,PIS-AB,Loutre de mer (AB - Ma - 18h30),Mardi,18:30,18:55,2020-01-07,2020-03-10,10,J. Gauvin,3,5,6,2-01-234-96-414, 61.50  $ ,A-ENF,,,
LOUTRE,07,PIS-AB,Loutre de mer (AB - Je - 18h),Jeudi,18:00,18:25,2020-01-09,2020-03-12,10,J. Gauvin,3,5,6,2-01-234-96-414, 61.50  $ ,A-ENF,,,
LOUTRE,08,PIS-AB,Loutre de mer (AB - Je - 18h30),Jeudi,18:30,18:55,2020-01-09,2020-03-12,10,J. Gauvin,3,5,6,2-01-234-96-414, 61.50  $ ,A-ENF,,,
LOUTRE,09,PIS-AB,Loutre de mer (AB - Je - 19h),Jeudi,19:00,19:25,2020-01-09,2020-03-12,10,J. Gauvin,3,5,6,2-01-234-96-414, 61.50  $ ,A-ENF,,,
LOUTRE,10,PIS-AB,Loutre de mer (AB - Sa - 8h30),Samedi,8:30,8:55,2020-01-11,2020-03-14,10,J. Gauvin,3,5,6,2-01-234-96-414, 61.50  $ ,A-ENF,,,
LOUTRE,11,PIS-AB,Loutre de mer (AB - Sa - 11h30),Samedi,11:30,11:55,2020-01-11,2020-03-14,10,J. Gauvin,3,5,6,2-01-234-96-414, 61.50  $ ,A-ENF,,,
LOUTRE,12,PIS-AB,Loutre de mer (AB - Sa - 12h30),Samedi,12:30,12:55,2020-01-11,2020-03-14,10,J. Gauvin,3,5,6,2-01-234-96-414, 61.50  $ ,A-ENF,,,
LOUTRE,51,PIS-LT,Loutre de mer (LT - Di - 9h),Dimanche,9:00,9:25,2020-01-12,2020-03-22,10,J. Gauvin,3,5,6,2-01-234-96-414, 61.50  $ ,A-ENF,"Sunday, February 2, 2020",,
LOUTRE,52,PIS-LT,Loutre de mer (LT - Di - 9h30),Dimanche,9:30,9:55,2020-01-12,2020-03-22,10,J. Gauvin,3,5,6,2-01-234-96-414, 61.50  $ ,A-ENF,"Sunday, February 2, 2020",,
LOUTRE,53,PIS-LT,Loutre de mer (LT - Di - 10h),Dimanche,10:00,10:25,2020-01-12,2020-03-22,10,J. Gauvin,3,5,6,2-01-234-96-414, 61.50  $ ,A-ENF,"Sunday, February 2, 2020",,
LOUTRE,54,PIS-LT,Loutre de mer (LT - Di - 10h30),Dimanche,10:30,10:55,2020-01-12,2020-03-22,10,J. Gauvin,3,5,6,2-01-234-96-414, 61.50  $ ,A-ENF,"Sunday, February 2, 2020",,
LOUTRE,55,PIS-LT,Loutre de mer (LT - Di - 12h35),Dimanche,12:35,13:00,2020-01-12,2020-03-22,10,J. Gauvin,3,5,6,2-01-234-96-414, 61.50  $ ,A-ENF,"Sunday, February 2, 2020",,
LOUTRE,56,PIS-LT,Loutre de mer (LT - Di - 13h05),Dimanche,13:05,13:30,2020-01-12,2020-03-22,10,J. Gauvin,3,5,6,2-01-234-96-414, 61.50  $ ,A-ENF,"Sunday, February 2, 2020",,
LOUTRE,57,PIS-LT,Loutre de mer (LT - Lu - 19h),Lundi,19:00,19:25,2020-01-06,2020-03-09,10,J. Gauvin,3,5,6,2-01-234-96-414, 61.50  $ ,A-ENF,,,
LOUTRE,58,PIS-LT,Loutre de mer (LT - Je - 19h),Jeudi,19:00,19:25,2020-01-09,2020-03-12,10,J. Gauvin,3,5,6,2-01-234-96-414, 61.50  $ ,A-ENF,,,
LOUTRE,59,PIS-LT,Loutre de mer (LT - Sa - 8h30),Samedi,8:30,8:55,2020-01-11,2020-03-21,10,J. Gauvin,3,5,6,2-01-234-96-414, 61.50  $ ,A-ENF,1er février 2020,,
LOUTRE,60,PIS-LT,Loutre de mer (LT - Sa - 9h),Samedi,9:00,9:25,2020-01-11,2020-03-21,10,J. Gauvin,3,5,6,2-01-234-96-414, 61.50  $ ,A-ENF,1er février 2020,,
LOUTRE,61,PIS-LT,Loutre de mer (LT - Sa - 10h),Samedi,10:00,10:25,2020-01-11,2020-03-21,10,J. Gauvin,3,5,6,2-01-234-96-414, 61.50  $ ,A-ENF,1er février 2020,,
LOUTRE,62,PIS-LT,Loutre de mer (LT - Sa - 11h),Samedi,11:00,11:25,2020-01-11,2020-03-21,10,J. Gauvin,3,5,6,2-01-234-96-414, 61.50  $ ,A-ENF,1er février 2020,,
SALAMANDRE,01,PIS-AB,Salamandre (AB - Di - 8h30),Dimanche,8:30,8:55,2020-01-12,2020-03-15,10,J. Gauvin,3,5,6,2-01-234-96-414, 61.50  $ ,A-ENF,,,
SALAMANDRE,02,PIS-AB,Salamandre (AB - Di - 9h),Dimanche,9:00,9:25,2020-01-12,2020-03-15,10,J. Gauvin,3,5,6,2-01-234-96-414, 61.50  $ ,A-ENF,,,
SALAMANDRE,03,PIS-AB,Salamandre  (AB - Di - 9h30),Dimanche,9:30,9:55,2020-01-12,2020-03-15,10,J. Gauvin,3,5,6,2-01-234-96-414, 61.50  $ ,A-ENF,,,
SALAMANDRE,04,PIS-AB,Salamandre  (AB - Di - 10h),Dimanche,10:00,10:25,2020-01-12,2020-03-15,10,J. Gauvin,3,5,6,2-01-234-96-414, 61.50  $ ,A-ENF,,,
SALAMANDRE,05,PIS-AB,Salamandre  (AB - Di - 10h30),Dimanche,10:30,10:55,2020-01-12,2020-03-15,10,J. Gauvin,3,5,6,2-01-234-96-414, 61.50  $ ,A-ENF,,,
SALAMANDRE,06,PIS-AB,Salamandre (AB - Di - 11h30),Dimanche,11:30,11:55,2020-01-12,2020-03-15,10,J. Gauvin,3,5,6,2-01-234-96-414, 61.50  $ ,A-ENF,,,
SALAMANDRE,07,PIS-AB,Salamandre (AB - Di - 12h),Dimanche,12:00,12:25,2020-01-12,2020-03-15,10,J. Gauvin,3,5,6,2-01-234-96-414, 61.50  $ ,A-ENF,,,
SALAMANDRE,08,PIS-AB,Salamandre (AB - Di - 12h30),Dimanche,12:30,12:55,2020-01-12,2020-03-15,10,J. Gauvin,3,5,6,2-01-234-96-414, 61.50  $ ,A-ENF,,,
SALAMANDRE,09,PIS-AB,Salamandre (AB - Di - 13h),Dimanche,13:00,13:25,2020-01-12,2020-03-15,10,J. Gauvin,3,5,6,2-01-234-96-414, 61.50  $ ,A-ENF,,,
SALAMANDRE,10,PIS-AB,Salamandre (AB - Ma - 18h),Mardi,18:00,18:25,2020-01-07,2020-03-10,10,J. Gauvin,3,5,6,2-01-234-96-414, 61.50  $ ,A-ENF,,,
SALAMANDRE,11,PIS-AB,Salamandre (AB - Me - 18h),Mercredi,18:00,18:25,2020-01-08,2020-03-11,10,J. Gauvin,3,5,6,2-01-234-96-414, 61.50  $ ,A-ENF,,,
SALAMANDRE,12,PIS-AB,Salamandre (AB - Me - 18h30),Mercredi,18:30,18:55,2020-01-08,2020-03-11,10,J. Gauvin,3,5,6,2-01-234-96-414, 61.50  $ ,A-ENF,,,
SALAMANDRE,13,PIS-AB,Salamandre (AB - Me - 19h),Mercredi,19:00,19:25,2020-01-08,2020-03-11,10,J. Gauvin,3,5,6,2-01-234-96-414, 61.50  $ ,A-ENF,,,
SALAMANDRE,14,PIS-AB,Salamandre (AB - Je - 18h),Jeudi,18:00,18:25,2020-01-09,2020-03-12,10,J. Gauvin,3,5,6,2-01-234-96-414, 61.50  $ ,A-ENF,,,
SALAMANDRE,15,PIS-AB,Salamandre (AB - Ve - 18h),Vendredi,18:00,18:25,2020-01-10,2020-03-13,10,J. Gauvin,3,5,6,2-01-234-96-414, 61.50  $ ,A-ENF,,,
SALAMANDRE,16,PIS-AB,Salamandre (AB - Sa - 8h30),Samedi,8:30,8:55,2020-01-11,2020-03-14,10,J. Gauvin,3,5,6,2-01-234-96-414, 61.50  $ ,A-ENF,,,
SALAMANDRE,17,PIS-AB,Salamandre (AB - Sa - 9h),Samedi,9:00,9:25,2020-01-11,2020-03-14,10,J. Gauvin,3,5,6,2-01-234-96-414, 61.50  $ ,A-ENF,,,
SALAMANDRE,18,PIS-AB,Salamandre (AB - Sa - 9h),Samedi,9:00,9:25,2020-01-11,2020-03-14,10,J. Gauvin,3,5,6,2-01-234-96-414, 61.50  $ ,A-ENF,,,
SALAMANDRE,19,PIS-AB,Salamandre (AB - Sa - 9h30),Samedi,9:30,9:55,2020-01-11,2020-03-14,10,J. Gauvin,3,5,6,2-01-234-96-414, 61.50  $ ,A-ENF,,,
SALAMANDRE,20,PIS-AB,Salamandre (AB - Sa - 10h),Samedi,10:00,10:25,2020-01-11,2020-03-14,10,J. Gauvin,3,5,6,2-01-234-96-414, 61.50  $ ,A-ENF,,,
SALAMANDRE,21,PIS-AB,Salamandre (AB - Sa - 11h),Samedi,11:00,11:25,2020-01-11,2020-03-14,10,J. Gauvin,3,5,6,2-01-234-96-414, 61.50  $ ,A-ENF,,,
SALAMANDRE,22,PIS-AB,Salamandre (AB - Sa - 11h),Samedi,11:00,11:25,2020-01-11,2020-03-14,10,J. Gauvin,3,5,6,2-01-234-96-414, 61.50  $ ,A-ENF,,,
SALAMANDRE,23,PIS-AB,Salamandre (AB - Sa - 11h30),Samedi,11:30,11:55,2020-01-11,2020-03-14,10,J. Gauvin,3,5,6,2-01-234-96-414, 61.50  $ ,A-ENF,,,
SALAMANDRE,24,PIS-AB,Salamandre (AB - Sa - 11h30),Samedi,11:30,11:55,2020-01-11,2020-03-14,10,J. Gauvin,3,5,6,2-01-234-96-414, 61.50  $ ,A-ENF,,,
SALAMANDRE,25,PIS-AB,Salamandre (AB - Sa - 12h),Samedi,12:00,12:25,2020-01-11,2020-03-14,10,J. Gauvin,3,5,6,2-01-234-96-414, 61.50  $ ,A-ENF,,,
SALAMANDRE,26,PIS-AB,Salamandre (AB - Sa - 12h30),Samedi,12:30,12:55,2020-01-11,2020-03-14,10,J. Gauvin,3,5,6,2-01-234-96-414, 61.50  $ ,A-ENF,,,
SALAMANDRE,51,PIS-LT,Salamandre (LT - Di - 8h30),Dimanche,8:30,8:55,2020-01-12,2020-03-22,10,J. Gauvin,3,5,6,2-01-234-96-414, 61.50  $ ,A-ENF,"Sunday, February 2, 2020",,
SALAMANDRE,52,PIS-LT,Salamandre (LT - Di - 8h30),Dimanche,8:30,8:55,2020-01-12,2020-03-22,10,J. Gauvin,3,5,6,2-01-234-96-414, 61.50  $ ,A-ENF,"Sunday, February 2, 2020",,
SALAMANDRE,53,PIS-LT,Salamandre (LT - Di - 9h30),Dimanche,9:30,9:55,2020-01-12,2020-03-22,10,J. Gauvin,3,5,6,2-01-234-96-414, 61.50  $ ,A-ENF,"Sunday, February 2, 2020",,
SALAMANDRE,54,PIS-LT,Salamandre (LT - Di - 9h30) ,Dimanche,9:30,9:55,2020-01-12,2020-03-22,10,J. Gauvin,3,5,6,2-01-234-96-414, 61.50  $ ,A-ENF,"Sunday, February 2, 2020",,
SALAMANDRE,55,PIS-LT,Salamandre (LT - Di - 10h30) ,Dimanche,10:30,10:55,2020-01-12,2020-03-22,10,J. Gauvin,3,5,6,2-01-234-96-414, 61.50  $ ,A-ENF,"Sunday, February 2, 2020",,
SALAMANDRE,56,PIS-LT,Salamandre (LT - Di - 12h05) ,Dimanche,12:05,12:30,2020-01-12,2020-03-22,10,J. Gauvin,3,5,6,2-01-234-96-414, 61.50  $ ,A-ENF,"Sunday, February 2, 2020",,
SALAMANDRE,57,PIS-LT,Salamandre (LT - Di - 13h05) ,Dimanche,13:05,13:30,2020-01-12,2020-03-22,10,J. Gauvin,3,5,6,2-01-234-96-414, 61.50  $ ,A-ENF,"Sunday, February 2, 2020",,
SALAMANDRE,58,PIS-LT,Salamandre (LT - Di - 13h05) ,Dimanche,13:05,13:30,2020-01-12,2020-03-22,10,J. Gauvin,3,5,6,2-01-234-96-414, 61.50  $ ,A-ENF,"Sunday, February 2, 2020",,
SALAMANDRE,59,PIS-LT,Salamandre (LT - Lu - 18h30) ,Lundi,18:30,18:55,2020-01-06,2020-03-09,10,J. Gauvin,3,5,6,2-01-234-96-414, 61.50  $ ,A-ENF,,,
SALAMANDRE,60,PIS-LT,Salamandre (LT - Lu - 19h) ,Lundi,19:00,19:25,2020-01-06,2020-03-09,10,J. Gauvin,3,5,6,2-01-234-96-414, 61.50  $ ,A-ENF,,,
SALAMANDRE,61,PIS-LT,Salamandre (LT - Ve - 19h) ,Vendredi,19:00,19:25,2020-01-10,2020-03-13,10,J. Gauvin,3,5,6,2-01-234-96-414, 61.50  $ ,A-ENF,,,
SALAMANDRE,62,PIS-LT,Salamandre (LT - Ve - 19h30) ,Vendredi,19:30,19:55,2020-01-10,2020-03-13,10,J. Gauvin,3,5,6,2-01-234-96-414, 61.50  $ ,A-ENF,,,
SALAMANDRE,63,PIS-LT,Salamandre (LT - Sa - 8h30) ,Samedi,8:30,8:55,2020-01-11,2020-03-21,10,J. Gauvin,3,5,6,2-01-234-96-414, 61.50  $ ,A-ENF,1er février 2020,,
SALAMANDRE,64,PIS-LT,Salamandre (LT - Sa - 9h) ,Samedi,9:00,9:25,2020-01-11,2020-03-21,10,J. Gauvin,3,5,6,2-01-234-96-414, 61.50  $ ,A-ENF,1er février 2020,,
SALAMANDRE,65,PIS-LT,Salamandre (LT - Sa - 9h30) ,Samedi,9:30,9:55,2020-01-11,2020-03-21,10,J. Gauvin,3,5,6,2-01-234-96-414, 61.50  $ ,A-ENF,1er février 2020,,
SALAMANDRE,66,PIS-LT,Salamandre (LT - Sa - 9h30) ,Samedi,9:30,9:55,2020-01-11,2020-03-21,10,J. Gauvin,3,5,6,2-01-234-96-414, 61.50  $ ,A-ENF,1er février 2020,,
SALAMANDRE,67,PIS-LT,Salamandre (LT - Sa - 10h) ,Samedi,10:00,10:25,2020-01-11,2020-03-21,10,J. Gauvin,3,5,6,2-01-234-96-414, 61.50  $ ,A-ENF,1er février 2020,,
SALAMANDRE,68,PIS-LT,Salamandre  (LT - Sa - 10h30) ,Samedi,10:30,10:55,2020-01-11,2020-03-21,10,J. Gauvin,3,5,6,2-01-234-96-414, 61.50  $ ,A-ENF,1er février 2020,,
SALAMANDRE,69,PIS-LT,Salamandre (LT - Sa - 11h) ,Samedi,11:00,11:25,2020-01-11,2020-03-21,10,J. Gauvin,3,5,6,2-01-234-96-414, 61.50  $ ,A-ENF,1er février 2020,,
SALAMANDRE,70,PIS-LT,Salamandre (LT - Sa - 11h30) ,Samedi,11:30,11:55,2020-01-11,2020-03-21,10,J. Gauvin,3,5,6,2-01-234-96-414, 61.50  $ ,A-ENF,1er février 2020,,
POISSON,01,PIS-AB,Poisson-Lune (AB - Di - 9h),Dimanche,9:00,9:25,2020-01-12,2020-03-15,10,J. Gauvin,3,6,6,2-01-234-96-414, 61.50  $ ,A-ENF,,,
POISSON,02,PIS-AB,Poisson-Lune (AB - Di - 10h),Dimanche,10:00,10:25,2020-01-12,2020-03-15,10,J. Gauvin,3,6,6,2-01-234-96-414, 61.50  $ ,A-ENF,,,
POISSON,03,PIS-AB,Poisson-Lune (AB - Di - 10h30),Dimanche,10:30,10:55,2020-01-12,2020-03-15,10,J. Gauvin,3,6,6,2-01-234-96-414, 61.50  $ ,A-ENF,,,
POISSON,04,PIS-AB,Poisson-Lune (AB - Di - 11h),Dimanche,11:00,11:25,2020-01-12,2020-03-15,10,J. Gauvin,3,6,6,2-01-234-96-414, 61.50  $ ,A-ENF,,,
POISSON,05,PIS-AB,Poisson-Lune (AB - Di - 12h),Dimanche,12:00,12:25,2020-01-12,2020-03-15,10,J. Gauvin,3,6,6,2-01-234-96-414, 61.50  $ ,A-ENF,,,
POISSON,06,PIS-AB,Poisson-Lune  (AB - Me - 18h),Mercredi,18:00,18:25,2020-01-08,2020-03-11,10,J. Gauvin,3,6,6,2-01-234-96-414, 61.50  $ ,A-ENF,,,
POISSON,07,PIS-AB,Poisson-Lune  (AB - Me - 19h),Mercredi,19:00,19:25,2020-01-08,2020-03-11,10,J. Gauvin,3,6,6,2-01-234-96-414, 61.50  $ ,A-ENF,,,
POISSON,08,PIS-AB,Poisson-Lune  (AB - Je - 18h30),Jeudi,18:30,18:55,2020-01-09,2020-03-12,10,J. Gauvin,3,6,6,2-01-234-96-414, 61.50  $ ,A-ENF,,,
POISSON,09,PIS-AB,Poisson-Lune  (AB - Sa - 9h30),Samedi,9:30,9:55,2020-01-11,2020-03-14,10,J. Gauvin,3,6,6,2-01-234-96-414, 61.50  $ ,A-ENF,,,
POISSON,10,PIS-AB,Poisson-Lune  (AB - Sa - 10h),Samedi,10:00,10:25,2020-01-11,2020-03-14,10,J. Gauvin,3,6,6,2-01-234-96-414, 61.50  $ ,A-ENF,,,
POISSON,11,PIS-AB,Poisson-Lune  (AB - Sa - 11h),Samedi,11:00,11:25,2020-01-11,2020-03-14,10,J. Gauvin,3,6,6,2-01-234-96-414, 61.50  $ ,A-ENF,,,
POISSON,51,PIS-LT,Poisson-Lune  (LT - Di - 8h30),Dimanche,8:30,8:55,2020-01-12,2020-03-22,10,J. Gauvin,3,6,6,2-01-234-96-414, 61.50  $ ,A-ENF,"Sunday, February 2, 2020",,FAIT
POISSON,52,PIS-LT,Poisson-Lune (LT - Di - 9h),Dimanche,9:00,9:25,2020-01-12,2020-03-22,10,J. Gauvin,3,6,6,2-01-234-96-414, 61.50  $ ,A-ENF,"Sunday, February 2, 2020",,
POISSON,53,PIS-LT,Poisson-Lune (LT - Di - 10h),Dimanche,10:00,10:25,2020-01-12,2020-03-22,10,J. Gauvin,3,6,6,2-01-234-96-414, 61.50  $ ,A-ENF,"Sunday, February 2, 2020",,
POISSON,54,PIS-LT,Poisson-Lune (LT - Di - 10h30),Dimanche,10:30,10:55,2020-01-12,2020-03-22,10,J. Gauvin,3,6,6,2-01-234-96-414, 61.50  $ ,A-ENF,"Sunday, February 2, 2020",,
POISSON,55,PIS-LT,Poisson-Lune (LT - Ve - 19h),Vendredi,19:00,19:25,2020-01-10,2020-03-13,10,J. Gauvin,3,6,6,2-01-234-96-414, 61.50  $ ,A-ENF,,,
POISSON,56,PIS-LT,Poisson-Lune (LT - Ve - 19h),Vendredi,19:00,19:25,2020-01-10,2020-03-13,10,J. Gauvin,3,6,6,2-01-234-96-414, 61.50  $ ,A-ENF,,,
POISSON,57,PIS-LT,Poisson-Lune (LT - Sa - 8h30),Samedi,8:30,8:55,2020-01-11,2020-03-21,10,J. Gauvin,3,6,6,2-01-234-96-414, 61.50  $ ,A-ENF,1er février 2020,,FAIT
POISSON,58,PIS-LT,Poisson-Lune (LT - Sa - 9h),Samedi,9:00,9:25,2020-01-11,2020-03-21,10,J. Gauvin,3,6,6,2-01-234-96-414, 61.50  $ ,A-ENF,1er février 2020,,
POISSON,59,PIS-LT,Poisson-Lune (LT - Sa - 10h),Samedi,10:00,10:25,2020-01-11,2020-03-21,10,J. Gauvin,3,6,6,2-01-234-96-414, 61.50  $ ,A-ENF,1er février 2020,,
POISSON,60,PIS-LT,Poisson-Lune (LT - Sa - 10h30),Samedi,10:30,10:55,2020-01-11,2020-03-21,10,J. Gauvin,3,6,6,2-01-234-96-414, 61.50  $ ,A-ENF,1er février 2020,,
POISSON,61,PIS-LT,Poisson-Lune (LT - Sa - 11h),Samedi,11:00,11:25,2020-01-11,2020-03-21,10,J. Gauvin,3,6,6,2-01-234-96-414, 61.50  $ ,A-ENF,1er février 2020,,
POISSON,62,PIS-LT,Poisson-Lune (LT - Sa - 11h30),Samedi,11:30,11:55,2020-01-11,2020-03-21,10,J. Gauvin,3,6,6,2-01-234-96-414, 61.50  $ ,A-ENF,1er février 2020,,
CROCODILE,01,PIS-AB,Crocodile (AB - Di - 9h30),Dimanche,9:30,9:55,2020-01-12,2020-03-15,10,J. Gauvin,4,6,6,2-01-234-96-414, 61.50  $ ,A-ENF,,,
CROCODILE,02,PIS-AB,Crocodile (AB - Di - 10h30),Dimanche,10:30,10:55,2020-01-12,2020-03-15,10,J. Gauvin,4,6,6,2-01-234-96-414, 61.50  $ ,A-ENF,,,
CROCODILE,03,PIS-AB,Crocodile (AB - Di - 11h),Dimanche,11:00,11:25,2020-01-12,2020-03-15,10,J. Gauvin,4,6,6,2-01-234-96-414, 61.50  $ ,A-ENF,,,
CROCODILE,04,PIS-AB,Crocodile (AB - Di - 13h),Dimanche,13:00,13:25,2020-01-12,2020-03-15,10,J. Gauvin,4,6,6,2-01-234-96-414, 61.50  $ ,A-ENF,,,
CROCODILE,05,PIS-AB,Crocodile (AB - Ma - 18h),Mardi,18:00,18:25,2020-01-07,2020-03-10,10,J. Gauvin,4,6,6,2-01-234-96-414, 61.50  $ ,A-ENF,,,
CROCODILE,06,PIS-AB,Crocodile (AB - Me - 19h30),Mercredi,19:30,19:55,2020-01-08,2020-03-11,10,J. Gauvin,4,6,6,2-01-234-96-414, 61.50  $ ,A-ENF,,,
CROCODILE,07,PIS-AB,Crocodile (AB - Je - 18h30),Jeudi,18:30,18:55,2020-01-09,2020-03-12,10,J. Gauvin,4,6,6,2-01-234-96-414, 61.50  $ ,A-ENF,,,
CROCODILE,08,PIS-AB,Crocodile (AB - Sa - 10h),Samedi,10:00,10:25,2020-01-11,2020-03-14,10,J. Gauvin,4,6,6,2-01-234-96-414, 61.50  $ ,A-ENF,,,
CROCODILE,09,PIS-AB,Crocodile (AB - Sa - 10h30),Samedi,10:30,10:55,2020-01-11,2020-03-14,10,J. Gauvin,4,6,6,2-01-234-96-414, 61.50  $ ,A-ENF,,,
CROCODILE,51,PIS-LT,Crocodile (LT - Di - 9h),Dimanche,9:00,9:25,2020-01-12,2020-03-22,10,J. Gauvin,4,6,6,2-01-234-96-414, 61.50  $ ,A-ENF,"Sunday, February 2, 2020",,
CROCODILE,52,PIS-LT,Crocodile  (LT - Di - 12h05,Dimanche,12:05,12:30,2020-01-12,2020-03-22,10,J. Gauvin,4,6,6,2-01-234-96-414, 61.50  $ ,A-ENF,"Sunday, February 2, 2020",,
CROCODILE,53,PIS-LT,Crocodile  (LT - Ve - 19h30),Vendredi,19:30,19:55,2020-01-10,2020-03-13,10,J. Gauvin,4,6,6,2-01-234-96-414, 61.50  $ ,A-ENF,,,
CROCODILE,54,PIS-LT,Crocodile  (LT - Sa - 10h30),Samedi,10:30,10:55,2020-01-11,2020-03-21,10,J. Gauvin,4,6,6,2-01-234-96-414, 61.50  $ ,A-ENF,1er février 2020,,
CROCODILE,55,PIS-LT,Crocodile  (LT - Sa - 11h),Samedi,11:00,11:25,2020-01-11,2020-03-21,10,J. Gauvin,4,6,6,2-01-234-96-414, 61.50  $ ,A-ENF,1er février 2020,,
BALEINE,01,AB,Baleine (AB - Di - 11h30),Dimanche,11:30,11:55,2020-01-12,2020-03-15,10,J. Gauvin,9,6,6,2-01-234-96-414, 61.50  $ ,A-ENF,,,
BALEINE,02,AB,Baleine (AB - Ma - 18h30),Mardi,18:30,18:55,2020-01-07,2020-03-10,10,J. Gauvin,5,6,6,2-01-234-96-414, 61.50  $ ,A-ENF,,,
BALEINE,03,AB,Baleine (AB - Sa - 9h30),Samedi,9:30,9:55,2020-01-11,2020-03-14,10,J. Gauvin,5,6,6,2-01-234-96-414, 61.50  $ ,A-ENF,,,
BALEINE,04,AB,Baleine (AB - Sa - 12h30),Samedi,12:30,12:55,2020-01-11,2020-03-14,10,J. Gauvin,5,6,6,2-01-234-96-414, 61.50  $ ,A-ENF,,,
BALEINE,51,PIS-LT,Baleine (LT - Di - 9h30),Dimanche,9:30,9:55,2020-01-12,2020-03-22,10,J. Gauvin,5,6,6,2-01-234-96-414, 61.50  $ ,A-ENF,"Sunday, February 2, 2020",,
BALEINE,52,PIS-LT,Baleine (LT - Ve - 19h30),Vendredi,19:30,19:55,2020-01-10,2020-03-13,10,J. Gauvin,5,6,6,2-01-234-96-414, 61.50  $ ,A-ENF,,,
J01,01,PIS-AB,Junior 01 (AB - Di - 8h30),Dimanche,8:30,8:55,2020-01-12,2020-03-15,10,J. Gauvin,6,10,6,2-01-234-96-414, 61.50  $ ,A-ENF,,,
J01,02,PIS-AB,Junior 01 (AB - Di - 9h),Dimanche,9:00,9:25,2020-01-12,2020-03-15,10,J. Gauvin,6,10,6,2-01-234-96-414, 61.50  $ ,A-ENF,,,
J01,03,PIS-AB,Junior 01 (AB - Di - 10h),Dimanche,10:00,10:25,2020-01-12,2020-03-15,10,J. Gauvin,6,10,6,2-01-234-96-414, 61.50  $ ,A-ENF,,,
J01,04,PIS-AB,Junior 01 (AB - Di - 10h30),Dimanche,10:30,10:55,2020-01-12,2020-03-15,10,J. Gauvin,6,10,6,2-01-234-96-414, 61.50  $ ,A-ENF,,,
J01,05,PIS-AB,Junior 01 (AB - Di - 11h),Dimanche,11:00,11:25,2020-01-12,2020-03-15,10,J. Gauvin,6,10,6,2-01-234-96-414, 61.50  $ ,A-ENF,,,
J01,06,PIS-AB,Junior 01 (AB - Di - 11h30),Dimanche,11:30,11:55,2020-01-12,2020-03-15,10,J. Gauvin,6,10,6,2-01-234-96-414, 61.50  $ ,A-ENF,,,
J01,07,PIS-AB,Junior 01 (AB - Di - 12h),Dimanche,12:00,12:25,2020-01-12,2020-03-15,10,J. Gauvin,6,10,6,2-01-234-96-414, 61.50  $ ,A-ENF,,,
J01,08,PIS-AB,Junior 01 (AB - Di - 12h30),Dimanche,12:30,12:55,2020-01-12,2020-03-15,10,J. Gauvin,6,10,6,2-01-234-96-414, 61.50  $ ,A-ENF,,,
J01,09,PIS-AB,Junior 01 (AB - Ma - 18h),Mardi,18:00,18:25,2020-01-07,2020-03-10,10,J. Gauvin,6,10,6,2-01-234-96-414, 61.50  $ ,A-ENF,,,
J01,10,PIS-AB,Junior 01 (AB - Ma - 18h30),Mardi,18:30,18:55,2020-01-07,2020-03-10,10,J. Gauvin,6,10,6,2-01-234-96-414, 61.50  $ ,A-ENF,,,
J01,11,PIS-AB,Junior 01 (AB - Me - 18h30),Mercredi,18:30,18:55,2020-01-08,2020-03-11,10,J. Gauvin,6,10,6,2-01-234-96-414, 61.50  $ ,A-ENF,,,
J01,12,PIS-AB,Junior 01 (AB - Me - 19h),Mercredi,19:00,19:25,2020-01-08,2020-03-11,10,J. Gauvin,6,10,6,2-01-234-96-414, 61.50  $ ,A-ENF,,,
J01,13,PIS-AB,Junior 01 (AB - Me - 19h30),Mercredi,19:30,19:55,2020-01-08,2020-03-11,10,J. Gauvin,6,10,6,2-01-234-96-414, 61.50  $ ,A-ENF,,,
J01,14,PIS-AB,Junior 01 (AB - Sa - 8h30),Samedi,8:30,8:55,2020-01-11,2020-03-14,10,J. Gauvin,6,10,6,2-01-234-96-414, 61.50  $ ,A-ENF,,,
J01,15,PIS-AB,Junior 01 (AB - Sa - 9h),Samedi,9:00,9:25,2020-01-11,2020-03-14,10,J. Gauvin,6,10,6,2-01-234-96-414, 61.50  $ ,A-ENF,,,
J01,16,PIS-AB,Junior 01 (AB - Sa - 9h30),Samedi,9:30,9:55,2020-01-11,2020-03-14,10,J. Gauvin,6,10,6,2-01-234-96-414, 61.50  $ ,A-ENF,,,
J01,17,PIS-AB,Junior 01 (AB - Sa - 10h),Samedi,10:00,10:25,2020-01-11,2020-03-14,10,J. Gauvin,6,10,6,2-01-234-96-414, 61.50  $ ,A-ENF,,,
J01,18,PIS-AB,Junior 01 (AB - Sa - 10h30),Samedi,10:30,10:55,2020-01-11,2020-03-14,10,J. Gauvin,6,10,6,2-01-234-96-414, 61.50  $ ,A-ENF,,,
J01,19,PIS-AB,Junior 01 (AB - Sa - 12h),Samedi,12:00,12:25,2020-01-11,2020-03-14,10,J. Gauvin,6,10,6,2-01-234-96-414, 61.50  $ ,A-ENF,,,
J01,20,PIS-AB,Junior 01 (AB - Sa - 12h),Samedi,12:00,12:25,2020-01-11,2020-03-14,10,J. Gauvin,6,10,6,2-01-234-96-414, 61.50  $ ,A-ENF,,,
J01,51,PIS-LT,Junior 01 (LT - Di - 8h30),Dimanche,8:30,8:55,2020-01-12,2020-03-22,10,J. Gauvin,6,10,6,2-01-234-96-414, 61.50  $ ,A-ENF,"Sunday, February 2, 2020",,
J01,52,PIS-LT,Junior 01 (LT - Di - 9h30),Dimanche,9:30,9:55,2020-01-12,2020-03-22,10,J. Gauvin,6,10,6,2-01-234-96-414, 61.50  $ ,A-ENF,"Sunday, February 2, 2020",,
J01,53,PIS-LT,Junior 01 (LT - Di - 10h),Dimanche,10:00,10:25,2020-01-12,2020-03-22,10,J. Gauvin,6,10,6,2-01-234-96-414, 61.50  $ ,A-ENF,"Sunday, February 2, 2020",,
J01,54,PIS-LT,Junior 01 (LT - Di - 10h30),Dimanche,10:30,10:55,2020-01-12,2020-03-22,10,J. Gauvin,6,10,6,2-01-234-96-414, 61.50  $ ,A-ENF,"Sunday, February 2, 2020",,
J01,55,PIS-LT,Junior 01 (LT - Di - 12h05),Dimanche,12:05,12:30,2020-01-12,2020-03-22,10,J. Gauvin,6,10,6,2-01-234-96-414, 61.50  $ ,A-ENF,"Sunday, February 2, 2020",,
J01,56,PIS-LT,Junior 01  (LT - Di - 12h35),Dimanche,12:35,13:00,2020-01-12,2020-03-22,10,J. Gauvin,6,10,6,2-01-234-96-414, 61.50  $ ,A-ENF,"Sunday, February 2, 2020",,
J01,57,PIS-LT,Junior 01  (LT - Je - 19h),Jeudi,19:00,19:25,2020-01-09,2020-03-12,10,J. Gauvin,6,10,6,2-01-234-96-414, 61.50  $ ,A-ENF,,,
J01,58,PIS-LT,Junior 01  (LT - Sa - 8h30),Samedi,8:30,8:55,2020-01-11,2020-03-21,10,J. Gauvin,6,10,6,2-01-234-96-414, 61.50  $ ,A-ENF,1er février 2020,,
J01,59,PIS-LT,Junior 01  (LT - Sa - 9h),Samedi,9:00,9:25,2020-01-11,2020-03-21,10,J. Gauvin,6,10,6,2-01-234-96-414, 61.50  $ ,A-ENF,1er février 2020,,
J01,60,PIS-LT,Junior 01  (LT - Sa - 9h),Samedi,9:00,9:25,2020-01-11,2020-03-21,10,J. Gauvin,6,10,6,2-01-234-96-414, 61.50  $ ,A-ENF,1er février 2020,,
J01,61,PIS-LT,Junior 01 (LT - Sa - 9h30),Samedi,9:30,9:55,2020-01-11,2020-03-21,10,J. Gauvin,6,10,6,2-01-234-96-414, 61.50  $ ,A-ENF,1er février 2020,,
J01,62,PIS-LT,Junior 01 (LT - Sa - 10h),Samedi,10:00,10:25,2020-01-11,2020-03-21,10,J. Gauvin,6,10,6,2-01-234-96-414, 61.50  $ ,A-ENF,1er février 2020,,
J01,63,PIS-LT,Junior 01 (LT - Sa - 10h30),Samedi,10:30,10:55,2020-01-11,2020-03-21,10,J. Gauvin,6,10,6,2-01-234-96-414, 61.50  $ ,A-ENF,1er février 2020,,
J01,64,PIS-LT,Junior 01 (LT - Sa - 10h30),Samedi,10:30,10:55,2020-01-11,2020-03-21,10,J. Gauvin,6,10,6,2-01-234-96-414, 61.50  $ ,A-ENF,1er février 2020,,
J01,65,PIS-LT,Junior 01 (LT - Sa - 11h30),Samedi,11:30,11:55,2020-01-11,2020-03-21,10,J. Gauvin,6,10,6,2-01-234-96-414, 61.50  $ ,A-ENF,1er février 2020,,
J02,01,PIS-AB,Junior 02 (AB - Di - 8h30),Dimanche,8:30,8:55,2020-01-12,2020-03-15,10,J. Gauvin,6,10,6,2-01-234-96-414, 61.50  $ ,A-ENF,,,
J02,02,PIS-AB,Junior 02 (AB - Di - 9h),Dimanche,9:00,9:25,2020-01-12,2020-03-15,10,J. Gauvin,6,10,6,2-01-234-96-414, 61.50  $ ,A-ENF,,,
J02,03,PIS-AB,Junior 02 (AB - Di - 10h),Dimanche,10:00,10:25,2020-01-12,2020-03-15,10,J. Gauvin,6,10,6,2-01-234-96-414, 61.50  $ ,A-ENF,,,
J02,04,PIS-AB,Junior 02 (AB - Di - 10h),Dimanche,10:00,10:25,2020-01-12,2020-03-15,10,J. Gauvin,6,10,6,2-01-234-96-414, 61.50  $ ,A-ENF,,,
J02,05,PIS-AB,Junior 02 (AB - Di - 11h30),Dimanche,11:30,11:55,2020-01-12,2020-03-15,10,J. Gauvin,6,10,6,2-01-234-96-414, 61.50  $ ,A-ENF,,,
J02,06,PIS-AB,Junior 02 (AB - Di - 12h30),Dimanche,12:30,12:55,2020-01-12,2020-03-15,10,J. Gauvin,6,10,6,2-01-234-96-414, 61.50  $ ,A-ENF,,,
J02,07,PIS-AB,Junior 02 (AB - Di - 13h),Dimanche,13:00,13:25,2020-01-12,2020-03-15,10,J. Gauvin,6,10,6,2-01-234-96-414, 61.50  $ ,A-ENF,,,
J02,08,PIS-AB,Junior 02 (AB - Ma - 18h),Mardi,18:00,18:25,2020-01-07,2020-03-10,10,J. Gauvin,6,10,6,2-01-234-96-414, 61.50  $ ,A-ENF,,,
J02,09,PIS-AB,Junior 02 (AB - Me - 18h30),Mercredi,18:30,18:55,2020-01-08,2020-03-11,10,J. Gauvin,6,10,6,2-01-234-96-414, 61.50  $ ,A-ENF,,,
J02,10,PIS-AB,Junior 02 (AB - Me - 19h30),Mercredi,19:30,19:55,2020-01-08,2020-03-11,10,J. Gauvin,6,10,6,2-01-234-96-414, 61.50  $ ,A-ENF,,,
J02,11,PIS-AB,Junior 02 (AB - Je - 18h),Jeudi,18:00,18:25,2020-01-09,2020-03-12,10,J. Gauvin,6,10,6,2-01-234-96-414, 61.50  $ ,A-ENF,,,
J02,12,PIS-AB,Junior 02 (AB - Sa - 9h),Samedi,9:00,9:25,2020-01-11,2020-03-14,10,J. Gauvin,6,10,6,2-01-234-96-414, 61.50  $ ,A-ENF,,,
J02,13,PIS-AB,Junior 02 (AB - Sa - 10h30),Samedi,10:30,10:55,2020-01-11,2020-03-14,10,J. Gauvin,6,10,6,2-01-234-96-414, 61.50  $ ,A-ENF,,,
J02,14,PIS-AB,Junior 02 (AB - Sa - 11h),Samedi,11:00,11:25,2020-01-11,2020-03-14,10,J. Gauvin,6,10,6,2-01-234-96-414, 61.50  $ ,A-ENF,,,
J02,15,PIS-AB,Junior 02 (AB - Sa - 11h30),Samedi,11:30,11:55,2020-01-11,2020-03-14,10,J. Gauvin,6,10,6,2-01-234-96-414, 61.50  $ ,A-ENF,,,
J02,16,PIS-AB,Junior 02 (AB - Sa - 12h30),Samedi,12:30,12:55,2020-01-11,2020-03-14,10,J. Gauvin,6,10,6,2-01-234-96-414, 61.50  $ ,A-ENF,,,
J02,51,PIS-LT,Junior 02 (LT - Di - 8h30),Dimanche,8:30,8:55,2020-01-12,2020-03-22,10,J. Gauvin,6,10,6,2-01-234-96-414, 61.50  $ ,A-ENF,"Sunday, February 2, 2020",,
J02,52,PIS-LT,Junior 02  (LT - Di - 9h),Dimanche,9:00,9:25,2020-01-12,2020-03-22,10,J. Gauvin,6,10,6,2-01-234-96-414, 61.50  $ ,A-ENF,"Sunday, February 2, 2020",,
J02,53,PIS-LT,Junior 02  (LT - Di - 10h),Dimanche,10:00,10:25,2020-01-12,2020-03-22,10,J. Gauvin,6,10,6,2-01-234-96-414, 61.50  $ ,A-ENF,"Sunday, February 2, 2020",,
J02,54,PIS-LT,Junior 02  (LT - Di - 10h30),Dimanche,10:30,10:55,2020-01-12,2020-03-22,10,J. Gauvin,6,10,6,2-01-234-96-414, 61.50  $ ,A-ENF,"Sunday, February 2, 2020",,
J02,55,PIS-LT,Junior 02  (LT - Di - 12h05),Dimanche,12:05,12:30,2020-01-12,2020-03-22,10,J. Gauvin,6,10,6,2-01-234-96-414, 61.50  $ ,A-ENF,"Sunday, February 2, 2020",,
J02,56,PIS-LT,Junior 02  (LT - Di - 12h05),Dimanche,12:05,12:30,2020-01-12,2020-03-22,10,J. Gauvin,6,10,6,2-01-234-96-414, 61.50  $ ,A-ENF,"Sunday, February 2, 2020",,
J02,57,PIS-LT,Junior 02  (LT - Je - 19h),Jeudi,19:00,19:25,2020-01-09,2020-03-12,10,J. Gauvin,6,10,6,2-01-234-96-414, 61.50  $ ,A-ENF,,,
J02,58,PIS-LT,Junior 02 (LT - Ve - 19h30),Vendredi,19:30,19:55,2020-01-10,2020-03-13,10,J. Gauvin,6,10,6,2-01-234-96-414, 61.50  $ ,A-ENF,,,
J02,59,PIS-LT,Junior 02  (LT - Sa - 8h30),Samedi,8:30,8:55,2020-01-11,2020-03-21,10,J. Gauvin,6,10,6,2-01-234-96-414, 61.50  $ ,A-ENF,1er février 2020,,
J02,60,PIS-LT,Junior 02  (LT - Sa - 9h),Samedi,9:00,9:25,2020-01-11,2020-03-21,10,J. Gauvin,6,10,6,2-01-234-96-414, 61.50  $ ,A-ENF,1er février 2020,,
J02,61,PIS-LT,Junior 02  (LT - Sa - 9h30),Samedi,9:30,9:55,2020-01-11,2020-03-21,10,J. Gauvin,6,10,6,2-01-234-96-414, 61.50  $ ,A-ENF,1er février 2020,,
J02,62,PIS-LT,Junior 02  (LT - Sa - 9h30),Samedi,9:30,9:55,2020-01-11,2020-03-21,10,J. Gauvin,6,10,6,2-01-234-96-414, 61.50  $ ,A-ENF,1er février 2020,,
J02,63,PIS-LT,Junior 02  (LT - Sa - 10h),Samedi,10:00,10:25,2020-01-11,2020-03-21,10,J. Gauvin,6,10,6,2-01-234-96-414, 61.50  $ ,A-ENF,1er février 2020,,
J02,64,PIS-LT,Junior 02  (LT - Sa - 10h30),Samedi,10:30,10:55,2020-01-11,2020-03-21,10,J. Gauvin,6,10,6,2-01-234-96-414, 61.50  $ ,A-ENF,1er février 2020,,
J02,65,PIS-LT,Junior 02 (LT - Sa - 11h),Samedi,11:00,11:25,2020-01-11,2020-03-21,10,J. Gauvin,6,10,6,2-01-234-96-414, 61.50  $ ,A-ENF,1er février 2020,,
J02,66,PIS-LT,Junior 02 (LT - Sa - 11h30),Samedi,11:30,11:55,2020-01-11,2020-03-21,10,J. Gauvin,6,10,6,2-01-234-96-414, 61.50  $ ,A-ENF,1er février 2020,,
J03,01,PIS-AB,Junior 03 (AB - Di - 9h),Dimanche,9:00,9:25,2020-01-12,2020-03-15,10,J. Gauvin,6,12,6,2-01-234-96-414, 61.50  $ ,A-ENF,,,
J03,02,PIS-AB,Junior 03 (AB - Di - 10h30),Dimanche,10:30,10:55,2020-01-12,2020-03-15,10,J. Gauvin,6,12,6,2-01-234-96-414, 61.50  $ ,A-ENF,,,
J03,03,PIS-AB,Junior 03  (AB - Di - 11h),Dimanche,11:00,11:25,2020-01-12,2020-03-15,10,J. Gauvin,6,12,6,2-01-234-96-414, 61.50  $ ,A-ENF,,,
J03,04,PIS-AB,Junior 03  (AB - Di - 11h30),Dimanche,11:30,11:55,2020-01-12,2020-03-15,10,J. Gauvin,6,12,6,2-01-234-96-414, 61.50  $ ,A-ENF,,,
J03,05,PIS-AB,Junior 03  (AB - Di - 12h30),Dimanche,12:30,12:55,2020-01-12,2020-03-15,10,J. Gauvin,6,12,6,2-01-234-96-414, 61.50  $ ,A-ENF,,,
J03,06,PIS-AB,Junior 03  (AB - Di - 13h),Dimanche,13:00,13:25,2020-01-12,2020-03-15,10,J. Gauvin,6,12,6,2-01-234-96-414, 61.50  $ ,A-ENF,,,
J03,07,PIS-AB,Junior 03  (AB - Lu - 18h),Lundi,18:00,18:25,2020-01-06,2020-03-09,10,J. Gauvin,6,12,6,2-01-234-96-414, 61.50  $ ,A-ENF,,,
J03,08,PIS-AB,Junior 03  (AB - Ma - 18h30),Mardi,18:30,18:55,2020-01-07,2020-03-10,10,J. Gauvin,6,12,6,2-01-234-96-414, 61.50  $ ,A-ENF,,,
J03,09,PIS-AB,Junior 03  (AB - Me - 18h),Mercredi,18:00,18:25,2020-01-08,2020-03-11,10,J. Gauvin,6,12,6,2-01-234-96-414, 61.50  $ ,A-ENF,,,
J03,10,PIS-AB,Junior 03  (AB - Je - 18h),Jeudi,18:00,18:25,2020-01-09,2020-03-12,10,J. Gauvin,6,12,6,2-01-234-96-414, 61.50  $ ,A-ENF,,,
J03,11,PIS-AB,Junior 03  (AB - Je - 18h30),Jeudi,18:30,18:55,2020-01-09,2020-03-12,10,J. Gauvin,6,12,6,2-01-234-96-414, 61.50  $ ,A-ENF,,,
J03,12,PIS-AB,Junior 03  (AB - Ve - 18h),Vendredi,18:00,18:25,2020-01-10,2020-03-13,10,J. Gauvin,6,12,6,2-01-234-96-414, 61.50  $ ,A-ENF,,,
J03,13,PIS-AB,Junior 03  (AB - Sa - 8h30),Samedi,8:30,8:55,2020-01-11,2020-03-14,10,J. Gauvin,6,12,6,2-01-234-96-414, 61.50  $ ,A-ENF,,,
J03,14,PIS-AB,Junior 03  (AB - Sa - 9h30),Samedi,9:30,9:55,2020-01-11,2020-03-14,10,J. Gauvin,6,12,6,2-01-234-96-414, 61.50  $ ,A-ENF,,,
J03,15,PIS-AB,Junior 03  (AB - Sa - 10h30),Samedi,10:30,10:55,2020-01-11,2020-03-14,10,J. Gauvin,6,12,6,2-01-234-96-414, 61.50  $ ,A-ENF,,,
J03,16,PIS-AB,Junior 03  (AB - Sa - 12h30),Samedi,12:30,12:55,2020-01-11,2020-03-14,10,J. Gauvin,6,12,6,2-01-234-96-414, 61.50  $ ,A-ENF,,,
J03,17,PIS-AB,Junior 03  (AB - Sa - 14h45),Samedi,14:45,15:10,2020-01-11,2020-03-14,10,J. Gauvin,6,12,6,2-01-234-96-414, 61.50  $ ,A-ENF,,,
J03,51,PIS-LT,Junior 03  (LT - Di - 9h30),Dimanche,9:30,9:55,2020-01-12,2020-03-22,10,J. Gauvin,6,12,6,2-01-234-96-414, 61.50  $ ,A-ENF,"Sunday, February 2, 2020",,
J03,52,PIS-LT,Junior 03 (LT - Di - 12h35),Dimanche,12:35,13:00,2020-01-12,2020-03-22,10,J. Gauvin,6,12,6,2-01-234-96-414, 61.50  $ ,A-ENF,"Sunday, February 2, 2020",,
J03,53,PIS-LT,Junior 03 (LT - Di - 13h05),Dimanche,13:05,13:30,2020-01-12,2020-03-22,10,J. Gauvin,6,12,6,2-01-234-96-414, 61.50  $ ,A-ENF,"Sunday, February 2, 2020",,
J03,54,PIS-LT,Junior 03 (LT - Ma - 19h),Mardi,19:00,19:25,2020-01-07,2020-03-10,10,J. Gauvin,6,12,6,2-01-234-96-414, 61.50  $ ,A-ENF,,,
J03,55,PIS-LT,Junior 03 (LT - Ve - 19h),Vendredi,19:00,19:25,2020-01-10,2020-03-13,10,J. Gauvin,6,12,6,2-01-234-96-414, 61.50  $ ,A-ENF,,,
J03,56,PIS-LT,Junior 03 (LT - Sa - 8h30),Samedi,8:30,8:55,2020-01-11,2020-03-21,10,J. Gauvin,6,12,6,2-01-234-96-414, 61.50  $ ,A-ENF,1er février 2020,,
J03,57,PIS-LT,Junior 03 (LT - Sa - 9h),Samedi,9:00,9:25,2020-01-11,2020-03-21,10,J. Gauvin,6,12,6,2-01-234-96-414, 61.50  $ ,A-ENF,1er février 2020,,
J03,58,PIS-LT,Junior 03 (LT - Sa - 10h),Samedi,10:00,10:25,2020-01-11,2020-03-21,10,J. Gauvin,6,12,6,2-01-234-96-414, 61.50  $ ,A-ENF,1er février 2020,,
J03,59,PIS-LT,Junior 03 (LT - Sa - 10h),Samedi,10:00,10:25,2020-01-11,2020-03-21,10,J. Gauvin,6,12,6,2-01-234-96-414, 61.50  $ ,A-ENF,1er février 2020,,
J03,60,PIS-LT,Junior 03 (LT - Sa - 11h30),Samedi,11:30,11:55,2020-01-11,2020-03-21,10,J. Gauvin,6,12,6,2-01-234-96-414, 61.50  $ ,A-ENF,1er février 2020,,
J04,01,PIS-AB,Junior 04 (AB - Di - 8h30),Dimanche,8:30,8:55,2020-01-12,2020-03-15,10,J. Gauvin,7,12,6,2-01-234-96-414, 61.50  $ ,A-ENF,,,
J04,02,PIS-AB,Junior 04 (AB - Di - 9h30),Dimanche,9:30,9:55,2020-01-12,2020-03-15,10,J. Gauvin,7,12,6,2-01-234-96-414, 61.50  $ ,A-ENF,,,
J04,03,PIS-AB,Junior 04 (AB - Di - 10h30),Dimanche,10:30,10:55,2020-01-12,2020-03-15,10,J. Gauvin,7,12,6,2-01-234-96-414, 61.50  $ ,A-ENF,,,
J04,04,PIS-AB,Junior 04 (AB - Di - 12h),Dimanche,12:00,12:25,2020-01-12,2020-03-15,10,J. Gauvin,7,12,6,2-01-234-96-414, 61.50  $ ,A-ENF,,,
J04,05,PIS-AB,Junior 04 (AB - Di - 12h30),Dimanche,12:30,12:55,2020-01-12,2020-03-15,10,J. Gauvin,7,12,6,2-01-234-96-414, 61.50  $ ,A-ENF,,,
J04,06,PIS-AB,Junior 04 (AB - Lu - 18h30),Lundi,18:30,18:55,2020-01-06,2020-03-09,10,J. Gauvin,7,12,6,2-01-234-96-414, 61.50  $ ,A-ENF,,,
J04,07,PIS-AB,Junior 04 (AB - Me - 19h30),Mercredi,19:30,19:55,2020-01-08,2020-03-11,10,J. Gauvin,7,12,6,2-01-234-96-414, 61.50  $ ,A-ENF,,,
J04,08,PIS-AB,Junior 04 (AB - Je - 19h30),Jeudi,19:30,19:55,2020-01-09,2020-03-12,10,J. Gauvin,7,12,6,2-01-234-96-414, 61.50  $ ,A-ENF,,,
J04,09,PIS-AB,Junior 04 (AB - Sa - 10h),Samedi,10:00,10:25,2020-01-11,2020-03-14,10,J. Gauvin,7,12,6,2-01-234-96-414, 61.50  $ ,A-ENF,,,
J04,10,PIS-AB,Junior 04 (AB - Sa - 10h30),Samedi,10:30,10:55,2020-01-11,2020-03-14,10,J. Gauvin,7,12,6,2-01-234-96-414, 61.50  $ ,A-ENF,,,
J04,11,PIS-AB,Junior 04 (AB - Sa - 11h),Samedi,11:00,11:25,2020-01-11,2020-03-14,10,J. Gauvin,7,12,6,2-01-234-96-414, 61.50  $ ,A-ENF,,,
J04,12,PIS-AB,Junior 04 (AB - Sa - 12h),Samedi,12:00,12:25,2020-01-11,2020-03-14,10,J. Gauvin,7,12,6,2-01-234-96-414, 61.50  $ ,A-ENF,,,
J04,51,PIS-LT,Junior 04 (LT - Di - 9h),Dimanche,9:00,9:25,2020-01-12,2020-03-22,10,J. Gauvin,7,12,6,2-01-234-96-414, 61.50  $ ,A-ENF,"Sunday, February 2, 2020",,
J04,52,PIS-LT,Junior 04 (LT - Di - 10h),Dimanche,10:00,10:25,2020-01-12,2020-03-22,10,J. Gauvin,7,12,6,2-01-234-96-414, 61.50  $ ,A-ENF,"Sunday, February 2, 2020",,
J04,53,PIS-LT,Junior 04 (LT - Di - 12h35),Dimanche,12:35,13:00,2020-01-12,2020-03-22,10,J. Gauvin,7,12,6,2-01-234-96-414, 61.50  $ ,A-ENF,"Sunday, February 2, 2020",,
J04,54,PIS-LT,Junior 04 (LT - Lu - 18h30),Lundi,18:30,18:55,2020-01-06,2020-03-09,10,J. Gauvin,7,12,6,2-01-234-96-414, 61.50  $ ,A-ENF,,,
J04,55,PIS-LT,Junior 04 (LT - Lu - 19h),Lundi,19:00,19:25,2020-01-06,2020-03-09,10,J. Gauvin,7,12,6,2-01-234-96-414, 61.50  $ ,A-ENF,,,
J04,56,PIS-LT,Junior 04 (LT - Ma - 19h),Mardi,19:00,19:25,2020-01-07,2020-03-10,10,J. Gauvin,7,12,6,2-01-234-96-414, 61.50  $ ,A-ENF,,,
J04,57,PIS-LT,Junior 04 (LT - Ve - 19h),Vendredi,19:00,19:25,2020-01-10,2020-03-13,10,J. Gauvin,7,12,6,2-01-234-96-414, 61.50  $ ,A-ENF,,,
J04,58,PIS-LT,Junior 04 (LT - Sa - 8h30),Samedi,8:30,8:55,2020-01-11,2020-03-21,10,J. Gauvin,7,12,6,2-01-234-96-414, 61.50  $ ,A-ENF,1er février 2020,,
J04,59,PIS-LT,Junior 04 (LT - Sa - 9h30),Samedi,9:30,9:55,2020-01-11,2020-03-21,10,J. Gauvin,7,12,6,2-01-234-96-414, 61.50  $ ,A-ENF,1er février 2020,,
J04,60,PIS-LT,Junior 04 (LT - Sa - 11h),Samedi,11:00,11:25,2020-01-11,2020-03-21,10,J. Gauvin,7,12,6,2-01-234-96-414, 61.50  $ ,A-ENF,1er février 2020,,
J05,01,PIS-AB,Junior 05 (AB - Di - 11h),Dimanche,11:00,11:40,2020-01-12,2020-03-15,10,J. Gauvin,7,14,8,2-01-234-96-414, 61.50  $ ,A-ENF,,,
J05,02,PIS-AB,Junior 05 (AB - Ma - 19h),Mardi,19:00,19:40,2020-01-07,2020-03-10,10,J. Gauvin,7,14,8,2-01-234-96-414, 61.50  $ ,A-ENF,,,
J05,03,PIS-AB,Junior 05 (AB - Je - 19h),Jeudi,19:00,19:40,2020-01-09,2020-03-12,10,J. Gauvin,7,14,8,2-01-234-96-414, 61.50  $ ,A-ENF,,,
J05,04,PIS-AB,Junior 05 (AB - Ve - 18h),Vendredi,18:00,18:40,2020-01-10,2020-03-13,10,J. Gauvin,7,14,8,2-01-234-96-414, 61.50  $ ,A-ENF,,,
J05,05,PIS-AB,Junior 05 (AB - Sa - 8h35),Samedi,8:35,9:15,2020-01-11,2020-03-14,10,J. Gauvin,7,14,8,2-01-234-96-414, 61.50  $ ,A-ENF,,,
J05,06,PIS-AB,Junior 05 (AB - Sa - 11h45),Samedi,11:45,12:25,2020-01-11,2020-03-14,10,J. Gauvin,7,14,8,2-01-234-96-414, 61.50  $ ,A-ENF,,,
J05,07,PIS-AB,Junior 05 (AB - Sa - 13h15),Samedi,13:15,13:55,2020-01-11,2020-03-14,10,J. Gauvin,7,14,8,2-01-234-96-414, 61.50  $ ,A-ENF,,,
J05,51,PIS-LT,Junior 05 (LT - Di - 11h50),Dimanche,11:50,12:30,2020-01-12,2020-03-22,10,J. Gauvin,7,14,8,2-01-234-96-414, 61.50  $ ,A-ENF,"Sunday, February 2, 2020",,
J05,52,PIS-LT,Junior 05 (LT - Di - 12h35),Dimanche,12:35,13:15,2020-01-12,2020-03-22,10,J. Gauvin,7,14,8,2-01-234-96-414, 61.50  $ ,A-ENF,"Sunday, February 2, 2020",,
J05,53,PIS-LT,Junior 05 (LT - Lu - 19h30),Lundi,19:30,20:10,2020-01-06,2020-03-09,10,J. Gauvin,7,14,8,2-01-234-96-414, 61.50  $ ,A-ENF,,,
J05,54,PIS-LT,Junior 05 (LT - Ma - 19h),Mardi,19:00,19:40,2020-01-07,2020-03-10,10,J. Gauvin,7,14,8,2-01-234-96-414, 61.50  $ ,A-ENF,,,
J05,55,PIS-LT,Junior 05 (LT - Ve - 19h30),Vendredi,19:30,20:10,2020-01-10,2020-03-13,10,J. Gauvin,7,14,8,2-01-234-96-414, 61.50  $ ,A-ENF,,,
J05,56,PIS-LT,Junior 05 (LT - Sa - 9h30),Samedi,9:30,10:10,2020-01-11,2020-03-21,10,J. Gauvin,7,14,8,2-01-234-96-414, 61.50  $ ,A-ENF,1er février 2020,,
J05,57,PIS-LT,Junior 05 (LT - Sa - 10h30),Samedi,10:30,11:10,2020-01-11,2020-03-21,10,J. Gauvin,7,14,8,2-01-234-96-414, 61.50  $ ,A-ENF,1er février 2020,,
J06,01,PIS-AB,Junior 06 (AB - Di - 11h45),Dimanche,11:45,12:25,2020-01-12,2020-03-15,10,J. Gauvin,7,14,8,2-01-234-96-414, 61.50  $ ,A-ENF,,,
J06,02,PIS-AB,Junior 06 (AB - Ma - 19h),Mardi,19:00,19:40,2020-01-07,2020-03-10,10,J. Gauvin,7,14,8,2-01-234-96-414, 61.50  $ ,A-ENF,,,
J06,03,PIS-AB,Junior 06 (AB - Je - 19h),Jeudi,19:00,19:40,2020-01-09,2020-03-12,10,J. Gauvin,7,14,8,2-01-234-96-414, 61.50  $ ,A-ENF,,,
J06,04,PIS-AB,Junior 06 (AB - Ve - 18h45),Vendredi,18:45,19:25,2020-01-10,2020-03-13,10,J. Gauvin,7,14,8,2-01-234-96-414, 61.50  $ ,A-ENF,,,
J06,05,PIS-AB,Junior 06 (AB - Sa - 11h),Samedi,11:00,11:40,2020-01-11,2020-03-14,10,J. Gauvin,7,14,8,2-01-234-96-414, 61.50  $ ,A-ENF,,,
J06,06,PIS-AB,Junior 06 (AB - Sa - 14h),Samedi,14:00,14:40,2020-01-11,2020-03-14,10,J. Gauvin,7,14,8,2-01-234-96-414, 61.50  $ ,A-ENF,,,
J06,51,PIS-LT,Junior 06 (LT - Di - 11h05),Dimanche,11:05,11:45,2020-01-12,2020-03-22,10,J. Gauvin,7,14,8,2-01-234-96-414, 61.50  $ ,A-ENF,"Sunday, February 2, 2020",,
J06,52,PIS-LT,Junior 06 (LT - Ma - 19h45),Mardi,19:45,20:25,2020-01-07,2020-03-10,10,J. Gauvin,7,14,8,2-01-234-96-414, 61.50  $ ,A-ENF,,,
J06,53,PIS-LT,Junior 06 (LT - Ve - 20h15),Vendredi,20:15,20:55,2020-01-10,2020-03-13,10,J. Gauvin,7,14,8,2-01-234-96-414, 61.50  $ ,A-ENF,,,
J06,54,PIS-LT,Junior 06 (LT - Sa - 10h15),Samedi,10:15,10:55,2020-01-11,2020-03-21,10,J. Gauvin,7,14,8,2-01-234-96-414, 61.50  $ ,A-ENF,1er février 2020,,
J06,55,PIS-LT,Junior 06 (LT - Sa - 11h15),Samedi,11:15,11:55,2020-01-11,2020-03-21,10,J. Gauvin,7,14,8,2-01-234-96-414, 61.50  $ ,A-ENF,1er février 2020,,
J07,01,PIS-AB,Junior 07 (AB - Di - 8h30),Dimanche,8:30,9:25,2020-01-12,2020-03-15,10,J. Gauvin,8,14,10,2-01-234-96-414, 61.50  $ ,A-ENF,,,
J07,02,PIS-AB,Junior 07 (AB - Sa - 13h15),Samedi,13:15,14:10,2020-01-11,2020-03-14,10,J. Gauvin,8,14,10,2-01-234-96-414, 61.50  $ ,A-ENF,,,
J07,51,PIS-LT,Junior 07 (LT - Di - 11h05),Dimanche,11:05,12:00,2020-01-12,2020-03-22,10,J. Gauvin,8,14,10,2-01-234-96-414, 61.50  $ ,A-ENF,"Sunday, February 2, 2020",,
J07,52,PIS-LT,Junior 07 (LT - Ma - 19h30),Mardi,19:30,19:55,2020-01-07,2020-03-10,10,J. Gauvin,8,14,10,2-01-234-96-414, 61.50  $ ,A-ENF,,,
J07,53,PIS-LT,Junior 07  (LT - Ve - 20h),Vendredi,20:00,20:55,2020-01-10,2020-03-13,10,J. Gauvin,8,14,10,2-01-234-96-414, 61.50  $ ,A-ENF,,,
J07,54,PIS-LT,Junior 07  (LT - Sa - 12h),Samedi,12:00,12:55,2020-01-11,2020-03-21,10,J. Gauvin,8,14,10,2-01-234-96-414, 61.50  $ ,A-ENF,1er février 2020,,
J08,01,PIS-AB,Junior 08  (AB - Di - 9h30),Dimanche,9:30,10:25,2020-01-12,2020-03-15,10,J. Gauvin,8,14,10,2-01-234-96-414, 61.50  $ ,A-ENF,,,
J08,02,PIS-AB,Junior 08  (AB - Je - 19h),Jeudi,19:00,19:55,2020-01-09,2020-03-12,10,J. Gauvin,8,14,10,2-01-234-96-414, 61.50  $ ,A-ENF,,,
J08,03,PIS-AB,Junior 08 (AB - Ve - 18h30),Vendredi,18:30,19:25,2020-01-10,2020-03-13,10,J. Gauvin,8,14,10,2-01-234-96-414, 61.50  $ ,A-ENF,,,
J08,04,PIS-AB,Junior 08 (AB - Sa - 13h15),Samedi,13:15,14:10,2020-01-11,2020-03-14,10,J. Gauvin,8,14,10,2-01-234-96-414, 61.50  $ ,A-ENF,,,
J08,51,PIS-LT,Junior 08 (LT - Di - 11h05),Dimanche,11:05,12:00,2020-01-12,2020-03-22,10,J. Gauvin,8,14,10,2-01-234-96-414, 61.50  $ ,A-ENF,"Sunday, February 2, 2020",,
J08,52,PIS-LT,Junior 08  (LT - Ve - 20h),Vendredi,20:00,20:55,2020-01-10,2020-03-13,10,J. Gauvin,8,14,10,2-01-234-96-414, 61.50  $ ,A-ENF,,,
J08,53,PIS-LT,Junior 08  (LT - Sa - 12h),Samedi,12:00,12:55,2020-01-11,2020-03-21,10,J. Gauvin,8,14,10,2-01-234-96-414, 61.50  $ ,A-ENF,1er février 2020,,
J09,01,PIS-AB,Junior 09  (AB - Ma - 19h),Mardi,19:00,19:55,2020-01-07,2020-03-10,10,J. Gauvin,9,15,10,2-01-234-96-414, 61.50  $ ,A-ENF,,,
J09,02,PIS-AB,Junior 09  (AB - Sa - 14h15),Samedi,14:15,15:10,2020-01-11,2020-03-14,10,J. Gauvin,9,15,10,2-01-234-96-414, 61.50  $ ,A-ENF,,,
J09,51,PIS-LT,Junior 09  (LT - Di - 11h05),Dimanche,11:05,12:00,2020-01-12,2020-03-22,10,J. Gauvin,9,15,10,2-01-234-96-414, 61.50  $ ,A-ENF,"Sunday, February 2, 2020",,
J09,52,PIS-LT,Junior 09  (AB - Sa - 12h),Samedi,12:00,12:55,2020-01-11,2020-03-21,10,J. Gauvin,9,15,10,2-01-234-96-414, 61.50  $ ,A-ENF,1er février 2020,,
J10,01,PIS-AB,Junior 10  (AB - Ve - 18h30),Vendredi,18:30,19:25,2020-01-10,2020-03-13,10,J. Gauvin,9,15,10,2-01-234-96-414, 61.50  $ ,A-ENF,,,
J10,02,PIS-AB,Junior 10  (AB - Sa - 14h15),Samedi,14:15,15:10,2020-01-11,2020-03-14,10,J. Gauvin,9,15,10,2-01-234-96-414, 61.50  $ ,A-ENF,,,
J10,51,PIS-LT,Junior 10  (LT - Di - 11h05),Dimanche,11:05,12:00,2020-01-12,2020-03-22,10,J. Gauvin,9,15,10,2-01-234-96-414, 61.50  $ ,A-ENF,"Sunday, February 2, 2020",,
J10,52,PIS-LT,Junior 10  (LT - Ve - 20h),Vendredi,20:00,20:55,2020-01-10,2020-03-13,10,J. Gauvin,9,15,10,2-01-234-96-414, 61.50  $ ,A-ENF,,,
J10,53,PIS-LT,Junior 10  (LT - Sa - 12h),Samedi,12:00,12:55,2020-01-11,2020-03-21,10,J. Gauvin,9,15,10,2-01-234-96-414, 61.50  $ ,A-ENF,1er février 2020,,
ADO-1,01,PIS-AB,Essentiel 1 Ado (AB - Ma - 19h),Mardi,19:00,19:55,2020-01-07,2020-03-10,10,J. Gauvin,11,17,8,2-01-234-96-414, 64.50  $ ,A-ADOS,,,
ADO-1,02,PIS-AB,Essentiel 1 Ado  (AB - Sa - 12h),Samedi,12:00,12:55,2020-01-11,2020-03-14,10,J. Gauvin,11,17,8,2-01-234-96-414, 64.50  $ ,A-ADOS,,,
ADO-2,51,PIS-LT,Essentiel 2 Ado  (LT - Ve - 20h),Vendredi,20:00,20:55,2020-01-10,2020-03-13,10,J. Gauvin,11,17,8,2-01-234-96-414, 64.50  $ ,A-ADOS,,,
ADO-3,51,PIS-LT,Style de nage Ado  (LT - Di - 11h05),Dimanche,11:05,12:00,2020-01-12,2020-03-22,10,J. Gauvin,11,17,10,2-01-234-96-414, 64.50  $ ,A-ADOS,"Sunday, February 2, 2020",,
ADO-3,52,PIS-LT,Style de nage Ado  (LT - Sa - 12h),Samedi,12:00,12:55,2020-01-11,2020-03-21,10,J. Gauvin,11,17,10,2-01-234-96-414, 64.50  $ ,A-ADOS,1er février 2020,,
PEUR,01,PIS-AB,Peur de l'eau  (AB - Ma - 19h),Mardi,19:00,19:55,2020-01-07,2020-03-10,10,J. Gauvin,18,,6,2-01-234-12-413,76.00 $ ,A-A10-60,,,
PEUR,02,PIS-AB,Peur de l'eau  (AB - Je - 19h),Jeudi,19:00,19:55,2020-01-09,2020-03-12,10,J. Gauvin,18,,6,2-01-234-12-413,76.00 $ ,A-A10-60,,,
PEUR,51,PIS-LT,Peur de l'eau  (LT - Lu - 18h30),Lundi,18:30,19:25,2020-01-06,2020-03-09,10,J. Gauvin,18,,6,2-01-234-12-413, 76.00  $ ,A-A10-60,,,
PEUR,52,PIS-LT,Peur de l'eau  (LT - Lu - 19h30),Lundi,19:30,20:25,2020-01-06,2020-03-09,10,J. Gauvin,18,,6,2-01-234-12-413, 76.00  $ ,A-A10-60,,,
PEUR,53,PIS-LT,Peur de l'eau  (LT - Me - 21h30),Mercredi,21:30,22:25,2020-01-08,2020-03-11,10,J. Gauvin,18,,6,2-01-234-12-413, 76.00  $ ,A-A10-60,,,
AQUA-AD1,51,PIS-LT,Essentiel 1 (LT - Lu - 19h30),Lundi,19:30,20:25,2020-01-06,2020-03-09,10,J. Gauvin,18,,8,2-01-234-12-413, 76.00  $ ,A-A10-60,,,
AQUA-AD1,52,PIS-LT,Essentiel 1 (LT - Lu - 19h30),Lundi,19:30,20:25,2020-01-06,2020-03-09,10,J. Gauvin,18,,8,2-01-234-12-413, 76.00  $ ,A-A10-60,,,
AQUA-AD1,53,PIS-LT,Essentiel 1 (LT - Me - 20h30),Mercredi,20:30,21:25,2020-01-08,2020-03-11,10,J. Gauvin,18,,8,2-01-234-12-413, 76.00  $ ,A-A10-60,,,
AQUA-AD1,54,PIS-LT,Essentiel 1 (LT - Me - 21h30),Mercredi,21:30,22:25,2020-01-08,2020-03-11,10,J. Gauvin,18,,8,2-01-234-12-413, 76.00  $ ,A-A10-60,,,
AQUA-AD1,55,PIS-LT,Essentiel 1 (LT - Je - 19h30),Jeudi,19:30,20:25,2020-01-09,2020-03-12,10,J. Gauvin,18,,8,2-01-234-12-413, 76.00  $ ,A-A10-60,,,
AQUA-AD1,56,PIS-LT,Essentiel 1 (LT - Je - 19h30),Jeudi,19:30,20:25,2020-01-09,2020-03-12,10,J. Gauvin,18,,8,2-01-234-12-413, 76.00  $ ,A-A10-60,,,
AQUA-AD2,51,PIS-LT,Essentiel 2 (LT - Lu - 18h30),Lundi,18:30,19:25,2020-01-06,2020-03-09,10,J. Gauvin,18,,8,2-01-234-12-413, 76.00  $ ,A-A10-60,,,
AQUA-AD2,52,PIS-LT,Essentiel 2 (LT - Lu - 19h30),Lundi,19:30,20:25,2020-01-06,2020-03-09,10,J. Gauvin,18,,8,2-01-234-12-413, 76.00  $ ,A-A10-60,,,
AQUA-AD2,53,PIS-LT,Essentiel 2 (LT - Ma - 19h30),Mardi,19:30,20:25,2020-01-07,2020-03-10,10,J. Gauvin,18,,8,2-01-234-12-413, 76.00  $ ,A-A10-60,,,
AQUA-AD2,54,PIS-LT,Essentiel 2 (LT - Me - 20h30),Mercredi,20:30,21:25,2020-01-08,2020-03-11,10,J. Gauvin,18,,8,2-01-234-12-413, 76.00  $ ,A-A10-60,,,
AQUA-AD2,55,PIS-LT,Essentiel 2 (LT - Je - 19h30),Jeudi,19:30,20:25,2020-01-09,2020-03-12,10,J. Gauvin,18,,8,2-01-234-12-413, 76.00  $ ,A-A10-60,,,
AQUA-AD3,01,PIS-AB,Style de nage (AB - Lu - 19h),Lundi,19:00,19:55,2020-01-06,2020-03-09,10,J. Gauvin,18,,10,2-01-234-12-413, 76.00  $ ,A-A10-60,,,
AQUA-AD3,51,LT,Style de nage (LT - Me - 20h30),Mercredi,20:30,21:25,2020-01-08,2020-03-11,10,J. Gauvin,18,,10,2-01-234-12-413, 76.00  $ ,A-A10-60,,,
AQUA-AD3,52,LT,Style de nage (LT - Me - 21h30),Mercredi,21:30,22:25,2020-01-08,2020-03-11,10,J. Gauvin,18,,10,2-01-234-12-413, 76.00  $ ,A-A10-60,,,
AQUA-FO45,51,PIS-LT,Aquaforme 45 minutes (LT - Ma - 16h10),Mardi,16:10,16:55,2020-01-07,2020-03-17,11,J. Gauvin,18,,25,2-01-234-12-413," 1x/sem: 70,13 $
2x/sem.: 105,88 $ ",AF-11-45,,,
AQUA-FO45,52,PIS-LT,Aquaforme 45 minutes (LT - Je - 16h10),Jeudi,16:10,16:55,2020-01-09,2020-03-19,11,J. Gauvin,18,,25,2-01-234-12-413,,AF-11-45,,,
AQUA-FO55,01,PIS-AB,Aquaforme 55 minutes (AB - Lu - 18h),Lundi,18:00,18:55,2020-01-06,2020-03-16,11,J. Gauvin,18,,25,2-01-234-12-413," 1x/sem.: 87,31 $
2x/sem.: 141,40 $
3x/sem.: 161,33 $ ",AF-11-60,,,
AQUA-FO55,02,PIS-AB,Aquaforme 55 minutes (AB - Ma - 20h),Mardi,20:00,20:55,2020-01-07,2020-03-17,11,J. Gauvin,18,,25,2-01-234-12-413,,AF-11-60,,,
AQUA-FO55,03,PIS-AB,Aquaforme 55 minutes (AB - Me - 20h),Mercredi,20:00,20:55,2020-01-08,2020-03-18,11,J. Gauvin,18,,25,2-01-234-12-413,,AF-11-60,,,
AQUA-FO55,04,PIS-AB,Aquaforme 55 minutes (AB - Je - 20h),Jeudi,20:00,20:55,2020-01-09,2020-03-19,11,J. Gauvin,18,,25,2-01-234-12-413,,AF-11-60,,,
AQUA-JO55,01,PIS-AB,Aquajogging 55 minutes (AB - Lu - 18h),Lundi,18:00,18:55,2020-01-06,2020-03-16,11,J. Gauvin,18,,25,2-01-234-12-413," 1x/sem.: 87,31 $
2x/sem.: 141,40 $
3x/sem.: 161,33 $ ",AF-11-60,,,
AQUA-JO55,02,PIS-AB,Aquajogging 55 minutes (AB - Lu - 19h),Lundi,19:00,19:55,2020-01-06,2020-03-16,11,J. Gauvin,18,,25,2-01-234-12-413,,AF-11-60,,,
AQUA-JO55,03,PIS-AB,Aquajogging 55 minutes (AB - Ma - 20h),Mardi ,20:00,20:55,2020-01-07,2020-03-17,11,J. Gauvin,18,,25,2-01-234-12-413,,AF-11-60,,,
AQUA-JO55,04,PIS-AB,Aquajogging 55 minutes (AB - Je - 20h),Jeudi,20:00,20:55,2020-01-09,2020-03-19,11,J. Gauvin,18,,25,2-01-234-12-413,,AF-11-60,,,
PRE-POST,01,PIS-AB,Aquanatal (AB - Lu - 19h),Lundi,19:00,19:55,2020-01-06,2020-03-16,11,J. Gauvin,18,,15,2-01-234-12-413, 87.31  $ ,AF-11-60,,,
EB,01,PIS-AB,Étoile de bronze (AB - Sa - 13h15),Samedi,13:15,14:15,2020-01-11,2020-03-14,10,J. Gauvin,9,12,12,2-01-234-96-414, 76.25  $ ,A-J-SS,,,
MB,01,AB-SALLE,Médaille de bronze (AB - Sa - 14h30),Samedi,14:30,15:30,2020-01-11,2020-03-14,10,J. Gauvin,13,,12,2-01-234-96-414, 159.00  $ ,A-BRONZE,,37573,
MB,01,PIS-AB,Médaille de bronze (AB - Sa - 14h30),Samedi,15:30,17:30,2020-01-11,2020-03-14,10,J. Gauvin,13,,12,2-01-234-96-414,,A-BRONZE,,37573,
CB,01,AB-SALLE,Croix de bronze (AB - Di - 14h30),Dimanche,15:30,16:30,2020-01-12,2020-03-15,10,J. Gauvin,13,,12,2-01-234-96-414, 159.00  $ ,A-BRONZE,,37574,
CB,01,PIS-AB,Croix de bronze (AB - Di - 14h30),Dimanche,16:30,18:30,2020-01-12,2020-03-15,10,J. Gauvin,13,,12,2-01-234-96-414,,A-BRONZE,,37574,
PSG,51,GHB,Premiers soins général  (GHB - Sa - 8h),Samedi,8:00,17:00,2020-01-04,2020-01-05,2,J. Gauvin,14,,12,2-01-234-12-413, 84.25  $ ,A-SOINS,,37575,
PSG,51,GHB,Premiers soins général (GHB - Di - 8h),Dimanche,8:00,17:00,2020-01-04,2020-01-05,2,J. Gauvin,14,,12,2-01-234-12-413,,A-SOINS,,37575,
SN,01,PIS-AB,Sauveteur national  (AB - Sa - 16h),Samedi,16:00,19:00,2020-01-11,2020-03-14,10,J. Gauvin,16,,12,2-01-234-12-413, 216.45  $ ,A-SN,,37576,
SN,01,AB-SALLE,Sauveteur national  (AB - Sa - 16h),Samedi,19:00,21:00,2020-01-11,2020-03-14,10,J. Gauvin,16,,12,2-01-234-12-413,,A-SN,,37576,
MSA,01,AB-SALLE,Moniteur de sécurité aquatique (AB - Sa - 13h),Samedi,13:00,15:30,2020-01-11,2020-03-14,10,J. Gauvin,15,,16,2-01-234-12-413, 359.00  $ ,A-L-MON,,37578,
MSA,01,PIS-AB,Moniteur de sécurité aquatique (AB - Sa - 13h),Samedi,15:00,18:00,2020-01-11,2020-03-14,10,J. Gauvin,15,,16,2-01-234-12-413,,A-L-MON,,37578,
ALERTE,SN,PIS-LT,Manuel Alerte (ALERTESN),Samedi,11:00,12:00,2020-01-11,2020-03-14,1,J. Gauvin,,,,2-01-234-11-459, 50.00  $ ,A-ALERTE,,,
MCPS,PS,LT,Manuel canadien de premiers soins (MCPSPS),Samedi,11:00,12:00,2020-01-11,2020-03-14,1,J. Gauvin,,,,2-01-234-11-459, 19.45  $ ,A-MPSG,,,
MCS,MB,LT,Manuel canadien de sauvetage (MCSMB),Samedi,11:00,12:00,2020-01-11,2020-03-14,1,J. Gauvin,,,,2-01-234-11-459, 50.00  $ ,A-MCS,,,
MASQUE,PS,LT,Masque de poche (MASQUEPS),Samedi,11:00,12:00,2020-01-11,2020-03-14,1,J. Gauvin,,,,2-01-234-11-459, 10.50  $ ,A-MASQUE,,,
PRIVE,01,PIS-AB,Natation cours privés (AB - Di - 8h),Dimanche,8:00,8:30,2020-01-12,2020-03-15,10,J. Gauvin,3,,1,2-01-234-96-414, 260.00  $ ,A-PRIVE,,,
PRIVE,02,PIS-AB,Natation cours privés (AB - Di - 8h),Dimanche,8:00,8:30,2020-01-12,2020-03-15,10,J. Gauvin,3,,1,2-01-234-96-414, 260.00  $ ,A-PRIVE2,,,
PRIVE,03,PIS-AB,Natation cours privés (AB - Di - 8h),Dimanche,8:00,8:30,2020-01-12,2020-03-15,10,J. Gauvin,3,,1,2-01-234-96-414, 260.00  $ ,A-PRIVE2,,,
PRIVE,04,PIS-AB,Natation cours privés (AB - Di - 8h),Dimanche,8:00,8:30,2020-01-12,2020-03-15,10,J. Gauvin,3,,1,2-01-234-96-414, 260.00  $ ,A-PRIVE2,,,
PRIVE,05,PIS-AB,Natation cours privés (AB - Di - 8h),Dimanche,8:00,8:30,2020-01-12,2020-03-15,10,J. Gauvin,3,,1,2-01-234-96-414, 260.00  $ ,A-PRIVE2,,,
PRIVE,06,PIS-AB,Natation cours privés (AB - Di - 12h30),Dimanche,12:30,13:00,2020-01-12,2020-03-15,10,J. Gauvin,3,,1,2-01-234-96-414, 260.00  $ ,A-PRIVE2,,,
PRIVE,07,PIS-AB,Natation cours privés (AB - Di - 13h),Dimanche,13:00,13:30,2020-01-12,2020-03-15,10,J. Gauvin,3,,1,2-01-234-96-414, 260.00  $ ,A-PRIVE2,,,
PRIVE,08,PIS-AB,Natation cours privés (AB - Di - 13h),Dimanche,13:00,13:30,2020-01-12,2020-03-15,10,J. Gauvin,3,,1,2-01-234-96-414, 260.00  $ ,A-PRIVE2,,,
PRIVE,09,PIS-AB,Natation cours privés  (AB - Me - 20h),Mercredi,20:00,20:30,2020-01-08,2020-03-11,10,J. Gauvin,3,,1,2-01-234-96-414, 260.00  $ ,A-PRIVE2,,,
PRIVE,10,PIS-AB,Natation cours privés  (AB - Me - 20h),Mercredi,20:00,20:30,2020-01-08,2020-03-11,10,J. Gauvin,3,,1,2-01-234-96-414, 260.00  $ ,A-PRIVE2,,,
PRIVE,11,PIS-AB,Natation cours privés  (AB - Me - 20h),Mercredi,20:00,20:30,2020-01-08,2020-03-11,10,J. Gauvin,3,,1,2-01-234-96-414, 260.00  $ ,A-PRIVE2,,,
PRIVE,12,PIS-AB,Natation cours privés  (AB - Me - 20h30),Mercredi,20:30,21:00,2020-01-08,2020-03-11,10,J. Gauvin,3,,1,2-01-234-96-414, 260.00  $ ,A-PRIVE2,,,
PRIVE,13,PIS-AB,Natation cours privés  (AB - Me - 20h30),Mercredi,20:30,21:00,2020-01-08,2020-03-11,10,J. Gauvin,3,,1,2-01-234-96-414, 260.00  $ ,A-PRIVE2,,,
PRIVE,14,PIS-AB,Natation cours privés  (AB - Me - 20h30),Mercredi,20:30,21:00,2020-01-08,2020-03-11,10,J. Gauvin,3,,1,2-01-234-96-414, 260.00  $ ,A-PRIVE2,,,
PRIVE,15,PIS-AB,Natation cours privés (AB - Sa - 8h),Samedi,8:00,8:30,2020-01-11,2020-03-14,10,J. Gauvin,3,,1,2-01-234-96-414, 260.00  $ ,A-PRIVE2,,,
PRIVE,16,PIS-AB,Natation cours privés (AB - Sa - 8h),Samedi,8:00,8:30,2020-01-11,2020-03-14,10,J. Gauvin,3,,1,2-01-234-96-414, 260.00  $ ,A-PRIVE2,,,
PRIVE,17,PIS-AB,Natation cours privés (AB - Sa - 8h),Samedi,8:00,8:30,2020-01-11,2020-03-14,10,J. Gauvin,3,,1,2-01-234-96-414, 260.00  $ ,A-PRIVE2,,,
PRIVE,18,PIS-AB,Natation cours privés (AB - Sa - 8h),Samedi,8:00,8:30,2020-01-11,2020-03-14,10,J. Gauvin,3,,1,2-01-234-96-414, 260.00  $ ,A-PRIVE2,,,
PRIVE,19,PIS-AB,Natation cours privés (AB - Sa - 8h),Samedi,8:00,8:30,2020-01-11,2020-03-14,10,J. Gauvin,3,,1,2-01-234-96-414, 260.00  $ ,A-PRIVE2,,,
PRIVE,20,PIS-AB,Natation cours privés (AB - Sa - 8h),Samedi,8:00,8:30,2020-01-11,2020-03-14,10,J. Gauvin,3,,1,2-01-234-96-414, 260.00  $ ,A-PRIVE2,,,
PRIVE,51,PIS-LT,Natation cours privés (LT - Di - 8h),Dimanche,8:00,8:30,2020-01-12,2020-03-22,10,J. Gauvin,3,,1,2-01-234-96-414, 260.00  $ ,A-PRIVE2,"Sunday, February 2, 2020",,
PRIVE,52,PIS-LT,Natation cours privés (LT - Di - 8h),Dimanche,8:00,8:30,2020-01-12,2020-03-22,10,J. Gauvin,3,,1,2-01-234-96-414, 260.00  $ ,A-PRIVE2,"Sunday, February 2, 2020",,
PRIVE,53,PIS-LT,Natation cours privés (LT - Di - 8h),Dimanche,8:00,8:30,2020-01-12,2020-03-22,10,J. Gauvin,3,,1,2-01-234-96-414, 260.00  $ ,A-PRIVE2,"Sunday, February 2, 2020",,
PRIVE,54,PIS-LT,Natation cours privés (LT - Di - 8h),Dimanche,8:00,8:30,2020-01-12,2020-03-22,10,J. Gauvin,3,,1,2-01-234-96-414, 260.00  $ ,A-PRIVE2,"Sunday, February 2, 2020",,
PRIVE,55,PIS-LT,Natation cours privés (LT - Di - 8h),Dimanche,8:00,8:30,2020-01-12,2020-03-22,10,J. Gauvin,3,,1,2-01-234-96-414, 260.00  $ ,A-PRIVE2,"Sunday, February 2, 2020",,
PRIVE,56,PIS-LT,Natation cours privés (LT - Di - 8h),Dimanche,8:00,8:30,2020-01-12,2020-03-22,10,J. Gauvin,3,,1,2-01-234-96-414, 260.00  $ ,A-PRIVE2,"Sunday, February 2, 2020",,
PRIVE,57,PIS-LT,Natation cours privés (LT - Sa - 8h),Samedi,8:00,8:30,2020-01-11,2020-03-21,10,J. Gauvin,3,,1,2-01-234-96-414, 260.00  $ ,A-PRIVE2,1er février 2020,,
PRIVE,58,PIS-LT,Natation cours privés (LT - Sa - 8h),Samedi,8:00,8:30,2020-01-11,2020-03-21,10,J. Gauvin,3,,1,2-01-234-96-414, 260.00  $ ,A-PRIVE2,1er février 2020,,
PRIVE,59,PIS-LT,Natation cours privés (LT - Sa - 8h),Samedi,8:00,8:30,2020-01-11,2020-03-21,10,J. Gauvin,3,,1,2-01-234-96-414, 260.00  $ ,A-PRIVE2,1er février 2020,,
PRIVE,60,PIS-LT,Natation cours privés (LT - Sa - 8h),Samedi,8:00,8:30,2020-01-11,2020-03-21,10,J. Gauvin,3,,1,2-01-234-96-414, 260.00  $ ,A-PRIVE2,1er février 2020,,
PRIVE,61,PIS-LT,Natation cours privés (LT - Sa - 8h),Samedi,8:00,8:30,2020-01-11,2020-03-21,10,J. Gauvin,3,,1,2-01-234-96-414, 260.00  $ ,A-PRIVE2,1er février 2020,,
PRIVE,62,PIS-LT,Natation cours privés (LT - Sa - 8h),Samedi,8:00,8:30,2020-01-11,2020-03-21,10,J. Gauvin,3,,1,2-01-234-96-414, 260.00  $ ,A-PRIVE2,1er février 2020,,
PRIVE,63,PIS-LT,Natation cours privés (LT - Sa - 11h30),Samedi,11:30,12:00,2020-01-11,2020-03-21,10,J. Gauvin,3,,1,2-01-234-96-414, 260.00  $ ,A-PRIVE2,1er février 2020,,
,,,,,,,,,,,,,,,,,,,
,,,,,,,,,,,,,,,,,,,
,,,,,,,,,,,,,,,,,,,
,,,,,,,,,,,,,,,,,,,
,,,,,,,,,,,,,,,,,,,
,,,,,,,,,,,,,,,,,,,
,,,,,,,,,,,,,,,,,,,
,,,,,,,,,,,,,,,,,,,
,,,,,,,,,,,,,,,,,,,
,,,,,,,,,,,,,,,,,,,
,,,,,,,,,,,,,,,,,,,
,,,,,,,,,,,,,,,,,,,
,,,,,,,,,,,,,,,,,,,
,,,,,,,,,,,,,,,,,,,
,,,,,,,,,,,,,,,,,,,
,,,,,,,,,,,,,,,,,,,
,,,,,,,,,,,,,,,,,,,
,,,,,,,,,,,,,,,,,,,
,,,,,,,,,,,,,,,,,,,
,,,,,,,,,,,,,,,,,,,
,,,,,,,,,,,,,,,,,,,
,,,,,,,,,,,,,,,,,,,
,,,,,,,,,,,,,,,,,,,
,,,,,,,,,,,,,,,,,,,
,,,,,,,,,,,,,,,,,,,
,,,,,,,,,,,,,,,,,,,
,,,,,,,,,,,,,,,,,,,
,,,,,,,,,,,,,,,,,,,
,,,,,,,,,,,,,,,,,,,
,,,,,,,,,,,,,,,,,,,
,,,,,,,,,,,,,,,,,,,
,,,,,,,,,,,,,,,,,,,
,,,,,,,,,,,,,,,,,,,
,,,,,,,,,,,,,,,,,,,
,,,,,,,,,,,,,,,,,,,
,,,,,,,,,,,,,,,,,,,
,,,,,,,,,,,,,,,,,,,
,,,,,,,,,,,,,,,,,,,
,,,,,,,,,,,,,,,,,,,
,,,,,,,,,,,,,,,,,,,
,,,,,,,,,,,,,2691,,,,,,
U:\LCVC\Commun\999_nouvelle_structure\1000_culture_sport_loisir\1013_activité_aquatique\dossier_general\programmation\programme\Loisard\H_18\Grille_complete.xlsx,,,,,,,,,,,,,,,,,,,
,,,,,,,,,,,,,,,,,,,
,,,,,,,,,,,,,,,,,,,
,,,,,,,,,,,,,,,,,,,
,,,,,,,,,,,,,,,,,,,
,,,,,,,,,,,,,,,,,,,
,,,,,,,,,,,,,,,,,,,
,,,,,,,,,,,,,,,,,,,
,,,,,,,,,,,,,,,,,,,
,,,,,,,,,,,,,,,,,,,
,,,,,,,,,,,,,,,,,,,
,,,,,,,,,,,,,,,,,,,
,,,,,,,,,,,,,,,,,,,
,,,,,,,,,,,,,,,,,,,
,,,,,,,,,,,,,,,,,,,
,,,,,,,,,,,,,,,,,,,
,,,,,,,,,,,,,,,,,,,
,,,,,,,,,,,,,,,,,,,
,,,,,,,,,,,,,,,,,,,
,,,,,,,,,,,,,,,,,,,
,,,,,,,,,,,,,,,,,,,
,,,,,,,,,,,,,,,,,,,
,,,,,,,,,,,,,,,,,,,
,,,,,,,,,,,,,,,,,,,
,,,,,,,,,,,,,,,,,,,
,,,,,,,,,,,,,,,,,,,
,,,,,,,,,,,,,,,,,,,
,,,,,,,,,,,,,,,,,,,
,,,,,,,,,,,,,,,,,,,
,,,,,,,,,,,,,,,,,,,
,,,,,,,,,,,,,,,,,,,
,,,,,,,,,,,,,,,,,,,
,,,,,,,,,,,,,,,,,,,
,,,,,,,,,,,,,,,,,,,
,,,,,,,,,,,,,,,,,,,
,,,,,,,,,,,,,,,,,,,
,,,,,,,,,,,,,,,,,,,
,,,,,,,,,,,,,,,,,,,
,,,,,,,,,,,,,,,,,,,
,,,,,,,,,,,,,,,,,,,
,,,,,,,,,,,,,,,,,,,
,,,,,,,,,,,,,,,,,,,
,,,,,,,,,,,,,,,,,,,
,,,,,,,,,,,,,,,,,,,
,,,,,,,,,,,,,,,,,,,
,,,,,,,,,,,,,,,,,,,
,,,,,,,,,,,,,,,,,,,
,,,,,,,,,,,,,,,,,,,
,,,,,,,,,,,,,,,,,,,
,,,,,,,,,,,,,,,,,,,
,,,,,,,,,,,,,,,,,,,
,,,,,,,,,,,,,,,,,,,
,,,,,,,,,,,,,,,,,,,
,,,,,,,,,,,,,,,,,,,
,,,,,,,,,,,,,,,,,,,
,,,,,,,,,,,,,,,,,,,
,,,,,,,,,,,,,,,,,,,
,,,,,,,,,,,,,,,,,,,
,,,,,,,,,,,,,,,,,,,
,,,,,,,,,,,,,,,,,,,
,,,,,,,,,,,,,,,,,,,
,,,,,,,,,,,,,,,,,,,
,,,,,,,,,,,,,,,,,,,
,,,,,,,,,,,,,,,,,,,
,,,,,,,,,,,,,,,,,,,
,,,,,,,,,,,,,,,,,,,
,,,,,,,,,,,,,,,,,,,
,,,,,,,,,,,,,,,,,,,
,,,,,,,,,,,,,,,,,,,
,,,,,,,,,,,,,,,,,,,
,,,,,,,,,,,,,,,,,,,
,,,,,,,,,,,,,,,,,,,
,,,,,,,,,,,,,,,,,,,
,,,,,,,,,,,,,,,,,,,
,,,,,,,,,,,,,,,,,,,
,,,,,,,,,,,,,,,,,,,
,,,,,,,,,,,,,,,,,,,
,,,,,,,,,,,,,,,,,,,
,,,,,,,,,,,,,,,,,,,
,,,,,,,,,,,,,,,,,,,
,,,,,,,,,,,,,,,,,,,
,,,,,,,,,,,,,,,,,,,
,,,,,,,,,,,,,,,,,,,
,,,,,,,,,,,,,,,,,,,
,,,,,,,,,,,,,,,,,,,
,,,,,,,,,,,,,,,,,,,
,,,,,,,,,,,,,,,,,,,
,,,,,,,,,,,,,,,,,,,
,,,,,,,,,,,,,,,,,,,
,,,,,,,,,,,,,,,,,,,
,,,,,,,,,,,,,,,,,,,
,,,,,,,,,,,,,,,,,,,
,,,,,,,,,,,,,,,,,,,
,,,,,,,,,,,,,,,,,,,
,,,,,,,,,,,,,,,,,,,
,,,,,,,,,,,,,,,,,,,
,,,,,,,,,,,,,,,,,,,
,,,,,,,,,,,,,,,,,,,
,,,,,,,,,,,,,,,,,,,
,,,,,,,,,,,,,,,,,,,
,,,,,,,,,,,,,,,,,,,
,,,,,,,,,,,,,,,,,,,
,,,,,,,,,,,,,,,,,,,
,,,,,,,,,,,,,,,,,,,
,,,,,,,,,,,,,,,,,,,
,,,,,,,,,,,,,,,,,,,
,,,,,,,,,,,,,,,,,,,
,,,,,,,,,,,,,,,,,,,
,,,,,,,,,,,,,,,,,,,
,,,,,,,,,,,,,,,,,,,
,,,,,,,,,,,,,,,,,,,
,,,,,,,,,,,,,,,,,,,
,,,,,,,,,,,,,,,,,,,
,,,,,,,,,,,,,,,,,,,
,,,,,,,,,,,,,,,,,,,
,,,,,,,,,,,,,,,,,,,
,,,,,,,,,,,,,,,,,,,
,,,,,,,,,,,,,,,,,,,
,,,,,,,,,,,,,,,,,,,
,,,,,,,,,,,,,,,,,,,
,,,,,,,,,,,,,,,,,,,
,,,,,,,,,,,,,,,,,,,
,,,,,,,,,,,,,,,,,,,
,,,,,,,,,,,,,,,,,,,
,,,,,,,,,,,,,,,,,,,
,,,,,,,,,,,,,,,,,,,
,,,,,,,,,,,,,,,,,,,
,,,,,,,,,,,,,,,,,,,
,,,,,,,,,,,,,,,,,,,
,,,,,,,,,,,,,,,,,,,
,,,,,,,,,,,,,,,,,,,
,,,,,,,,,,,,,,,,,,,
,,,,,,,,,,,,,,,,,,,
,,,,,,,,,,,,,,,,,,,
,,,,,,,,,,,,,,,,,,,
,,,,,,,,,,,,,,,,,,,
,,,,,,,,,,,,,,,,,,,
,,,,,,,,,,,,,,,,,,,
,,,,,,,,,,,,,,,,,,,
,,,,,,,,,,,,,,,,,,,
,,,,,,,,,,,,,,,,,,,
,,,,,,,,,,,,,,,,,,,
,,,,,,,,,,,,,,,,,,,
,,,,,,,,,,,,,,,,,,,
,,,,,,,,,,,,,,,,,,,
,,,,,,,,,,,,,,,,,,,
,,,,,,,,,,,,,,,,,,,
,,,,,,,,,,,,,,,,,,,
,,,,,,,,,,,,,,,,,,,
,,,,,,,,,,,,,,,,,,,
,,,,,,,,,,,,,,,,,,,
,,,,,,,,,,,,,,,,,,,
,,,,,,,,,,,,,,,,,,,
,,,,,,,,,,,,,,,,,,,
,,,,,,,,,,,,,,,,,,,
,,,,,,,,,,,,,,,,,,,
,,,,,,,,,,,,,,,,,,,
,,,,,,,,,,,,,,,,,,,
,,,,,,,,,,,,,,,,,,,
,,,,,,,,,,,,,,,,,,,
,,,,,,,,,,,,,,,,,,,
,,,,,,,,,,,,,,,,,,,
,,,,,,,,,,,,,,,,,,,
,,,,,,,,,,,,,,,,,,,
,,,,,,,,,,,,,,,,,,,
,,,,,,,,,,,,,,,,,,,
,,,,,,,,,,,,,,,,,,,
,,,,,,,,,,,,,,,,,,,
,,,,,,,,,,,,,,,,,,,
,,,,,,,,,,,,,,,,,,,
,,,,,,,,,,,,,,,,,,,
,,,,,,,,,,,,,,,,,,,
,,,,,,,,,,,,,,,,,,,
,,,,,,,,,,,,,,,,,,,
,,,,,,,,,,,,,,,,,,,
,,,,,,,,,,,,,,,,,,,
,,,,,,,,,,,,,,,,,,,
,,,,,,,,,,,,,,,,,,,
,,,,,,,,,,,,,,,,,,,
,,,,,,,,,,,,,,,,,,,
